-500,-0.9892,1.9787,-2.39721,5.8137
-499.5,-0.9885,1.9757,-2.39552,5.8038
-499,-0.9877,1.9727,-2.39383,5.7939
-498.5,-0.987,1.9698,-2.39214,5.784
-498,-0.9862,1.9668,-2.39045,5.7742
-497.5,-0.9855,1.9639,-2.38875,5.7643
-497,-0.9848,1.9609,-2.38706,5.7545
-496.5,-0.984,1.958,-2.38536,5.7447
-496,-0.9833,1.955,-2.38366,5.7349
-495.5,-0.9825,1.9521,-2.38197,5.7251
-495,-0.9818,1.9491,-2.38027,5.7153
-494.5,-0.981,1.9462,-2.37857,5.7055
-494,-0.9803,1.9433,-2.37687,5.6958
-493.5,-0.9795,1.9403,-2.37516,5.686
-493,-0.9788,1.9374,-2.37346,5.6763
-492.5,-0.9781,1.9345,-2.37176,5.6666
-492,-0.9773,1.9316,-2.37005,5.6569
-491.5,-0.9766,1.9286,-2.36835,5.6472
-491,-0.9758,1.9257,-2.36664,5.6376
-490.5,-0.9751,1.9228,-2.36493,5.6279
-490,-0.9743,1.9199,-2.36322,5.6183
-489.5,-0.9736,1.917,-2.36151,5.6086
-489,-0.9728,1.9141,-2.3598,5.599
-488.5,-0.9721,1.9112,-2.35809,5.5894
-488,-0.9713,1.9083,-2.35638,5.5798
-487.5,-0.9706,1.9054,-2.35466,5.5702
-487,-0.9698,1.9025,-2.35295,5.5607
-486.5,-0.9691,1.8996,-2.35123,5.5511
-486,-0.9683,1.8967,-2.34951,5.5416
-485.5,-0.9676,1.8938,-2.3478,5.5321
-485,-0.9668,1.891,-2.34608,5.5225
-484.5,-0.966,1.8881,-2.34436,5.513
-484,-0.9653,1.8852,-2.34263,5.5036
-483.5,-0.9645,1.8823,-2.34091,5.4941
-483,-0.9638,1.8795,-2.33919,5.4846
-482.5,-0.963,1.8766,-2.33746,5.4752
-482,-0.9623,1.8737,-2.33574,5.4657
-481.5,-0.9615,1.8709,-2.33401,5.4563
-481,-0.9608,1.868,-2.33228,5.4469
-480.5,-0.96,1.8652,-2.33056,5.4375
-480,-0.9593,1.8623,-2.32883,5.4281
-479.5,-0.9585,1.8595,-2.3271,5.4188
-479,-0.9577,1.8566,-2.32536,5.4094
-478.5,-0.957,1.8538,-2.32363,5.4001
-478,-0.9562,1.8509,-2.3219,5.3907
-477.5,-0.9555,1.8481,-2.32016,5.3814
-477,-0.9547,1.8453,-2.31843,5.3721
-476.5,-0.9539,1.8424,-2.31669,5.3628
-476,-0.9532,1.8396,-2.31495,5.3535
-475.5,-0.9524,1.8368,-2.31321,5.3443
-475,-0.9517,1.8339,-2.31147,5.335
-474.5,-0.9509,1.8311,-2.30973,5.3258
-474,-0.9501,1.8283,-2.30799,5.3165
-473.5,-0.9494,1.8255,-2.30625,5.3073
-473,-0.9486,1.8227,-2.3045,5.2981
-472.5,-0.9479,1.8198,-2.30276,5.2889
-472,-0.9471,1.817,-2.30101,5.2797
-471.5,-0.9463,1.8142,-2.29926,5.2706
-471,-0.9456,1.8114,-2.29752,5.2614
-470.5,-0.9448,1.8086,-2.29577,5.2522
-470,-0.944,1.8058,-2.29402,5.2431
-469.5,-0.9433,1.803,-2.29226,5.234
-469,-0.9425,1.8002,-2.29051,5.2249
-468.5,-0.9417,1.7975,-2.28876,5.2158
-468,-0.941,1.7947,-2.287,5.2067
-467.5,-0.9402,1.7919,-2.28525,5.1976
-467,-0.9394,1.7891,-2.28349,5.1886
-466.5,-0.9387,1.7863,-2.28173,5.1795
-466,-0.9379,1.7835,-2.27997,5.1705
-465.5,-0.9371,1.7808,-2.27821,5.1615
-465,-0.9364,1.778,-2.27645,5.1525
-464.5,-0.9356,1.7752,-2.27469,5.1435
-464,-0.9348,1.7725,-2.27293,5.1345
-463.5,-0.9341,1.7697,-2.27116,5.1255
-463,-0.9333,1.7669,-2.2694,5.1165
-462.5,-0.9325,1.7642,-2.26763,5.1076
-462,-0.9318,1.7614,-2.26586,5.0986
-461.5,-0.931,1.7587,-2.2641,5.0897
-461,-0.9302,1.7559,-2.26233,5.0808
-460.5,-0.9294,1.7532,-2.26056,5.0719
-460,-0.9287,1.7504,-2.25878,5.063
-459.5,-0.9279,1.7477,-2.25701,5.0541
-459,-0.9271,1.745,-2.25524,5.0453
-458.5,-0.9264,1.7422,-2.25346,5.0364
-458,-0.9256,1.7395,-2.25169,5.0276
-457.5,-0.9248,1.7368,-2.24991,5.0187
-457,-0.924,1.734,-2.24813,5.0099
-456.5,-0.9233,1.7313,-2.24635,5.0011
-456,-0.9225,1.7286,-2.24457,4.9923
-455.5,-0.9217,1.7259,-2.24279,4.9835
-455,-0.9209,1.7231,-2.24101,4.9747
-454.5,-0.9202,1.7204,-2.23922,4.966
-454,-0.9194,1.7177,-2.23744,4.9572
-453.5,-0.9186,1.715,-2.23565,4.9485
-453,-0.9178,1.7123,-2.23387,4.9397
-452.5,-0.917,1.7096,-2.23208,4.931
-452,-0.9163,1.7069,-2.23029,4.9223
-451.5,-0.9155,1.7042,-2.2285,4.9136
-451,-0.9147,1.7015,-2.22671,4.9049
-450.5,-0.9139,1.6988,-2.22492,4.8963
-450,-0.9131,1.6961,-2.22312,4.8876
-449.5,-0.9124,1.6934,-2.22133,4.879
-449,-0.9116,1.6907,-2.21953,4.8703
-448.5,-0.9108,1.688,-2.21774,4.8617
-448,-0.91,1.6853,-2.21594,4.8531
-447.5,-0.9092,1.6827,-2.21414,4.8445
-447,-0.9085,1.68,-2.21234,4.8359
-446.5,-0.9077,1.6773,-2.21054,4.8273
-446,-0.9069,1.6746,-2.20874,4.8187
-445.5,-0.9061,1.672,-2.20693,4.8102
-445,-0.9053,1.6693,-2.20513,4.8016
-444.5,-0.9045,1.6666,-2.20332,4.7931
-444,-0.9038,1.664,-2.20152,4.7846
-443.5,-0.903,1.6613,-2.19971,4.7761
-443,-0.9022,1.6587,-2.1979,4.7676
-442.5,-0.9014,1.656,-2.19609,4.7591
-442,-0.9006,1.6534,-2.19428,4.7506
-441.5,-0.8998,1.6507,-2.19247,4.7421
-441,-0.899,1.6481,-2.19065,4.7336
-440.5,-0.8983,1.6454,-2.18884,4.7252
-440,-0.8975,1.6428,-2.18702,4.7168
-439.5,-0.8967,1.6401,-2.18521,4.7083
-439,-0.8959,1.6375,-2.18339,4.6999
-438.5,-0.8951,1.6349,-2.18157,4.6915
-438,-0.8943,1.6322,-2.17975,4.6831
-437.5,-0.8935,1.6296,-2.17793,4.6747
-437,-0.8927,1.627,-2.17611,4.6664
-436.5,-0.8919,1.6243,-2.17429,4.658
-436,-0.8911,1.6217,-2.17246,4.6497
-435.5,-0.8904,1.6191,-2.17064,4.6413
-435,-0.8896,1.6165,-2.16881,4.633
-434.5,-0.8888,1.6139,-2.16698,4.6247
-434,-0.888,1.6113,-2.16515,4.6164
-433.5,-0.8872,1.6086,-2.16332,4.6081
-433,-0.8864,1.606,-2.16149,4.5998
-432.5,-0.8856,1.6034,-2.15966,4.5915
-432,-0.8848,1.6008,-2.15783,4.5832
-431.5,-0.884,1.5982,-2.15599,4.575
-431,-0.8832,1.5956,-2.15416,4.5667
-430.5,-0.8824,1.593,-2.15232,4.5585
-430,-0.8816,1.5904,-2.15048,4.5503
-429.5,-0.8808,1.5879,-2.14864,4.5421
-429,-0.88,1.5853,-2.1468,4.5339
-428.5,-0.8792,1.5827,-2.14496,4.5257
-428,-0.8784,1.5801,-2.14312,4.5175
-427.5,-0.8776,1.5775,-2.14127,4.5093
-427,-0.8768,1.5749,-2.13943,4.5012
-426.5,-0.876,1.5724,-2.13758,4.493
-426,-0.8752,1.5698,-2.13574,4.4849
-425.5,-0.8744,1.5672,-2.13389,4.4767
-425,-0.8736,1.5646,-2.13204,4.4686
-424.5,-0.8728,1.5621,-2.13019,4.4605
-424,-0.872,1.5595,-2.12834,4.4524
-423.5,-0.8712,1.557,-2.12648,4.4443
-423,-0.8704,1.5544,-2.12463,4.4362
-422.5,-0.8696,1.5518,-2.12278,4.4282
-422,-0.8688,1.5493,-2.12092,4.4201
-421.5,-0.868,1.5467,-2.11906,4.4121
-421,-0.8672,1.5442,-2.1172,4.404
-420.5,-0.8664,1.5416,-2.11534,4.396
-420,-0.8656,1.5391,-2.11348,4.388
-419.5,-0.8648,1.5365,-2.11162,4.38
-419,-0.864,1.534,-2.10976,4.372
-418.5,-0.8632,1.5315,-2.10789,4.364
-418,-0.8624,1.5289,-2.10603,4.356
-417.5,-0.8616,1.5264,-2.10416,4.3481
-417,-0.8608,1.5239,-2.10229,4.3401
-416.5,-0.86,1.5213,-2.10043,4.3322
-416,-0.8592,1.5188,-2.09856,4.3242
-415.5,-0.8583,1.5163,-2.09668,4.3163
-415,-0.8575,1.5138,-2.09481,4.3084
-414.5,-0.8567,1.5112,-2.09294,4.3005
-414,-0.8559,1.5087,-2.09106,4.2926
-413.5,-0.8551,1.5062,-2.08919,4.2847
-413,-0.8543,1.5037,-2.08731,4.2768
-412.5,-0.8535,1.5012,-2.08543,4.2689
-412,-0.8527,1.4987,-2.08355,4.2611
-411.5,-0.8519,1.4962,-2.08167,4.2532
-411,-0.851,1.4937,-2.07979,4.2454
-410.5,-0.8502,1.4912,-2.07791,4.2376
-410,-0.8494,1.4887,-2.07602,4.2298
-409.5,-0.8486,1.4862,-2.07414,4.222
-409,-0.8478,1.4837,-2.07225,4.2142
-408.5,-0.847,1.4812,-2.07037,4.2064
-408,-0.8462,1.4787,-2.06848,4.1986
-407.5,-0.8454,1.4762,-2.06659,4.1908
-407,-0.8445,1.4737,-2.0647,4.1831
-406.5,-0.8437,1.4712,-2.0628,4.1753
-406,-0.8429,1.4688,-2.06091,4.1676
-405.5,-0.8421,1.4663,-2.05902,4.1598
-405,-0.8413,1.4638,-2.05712,4.1521
-404.5,-0.8405,1.4613,-2.05522,4.1444
-404,-0.8396,1.4589,-2.05332,4.1367
-403.5,-0.8388,1.4564,-2.05142,4.129
-403,-0.838,1.4539,-2.04952,4.1213
-402.5,-0.8372,1.4515,-2.04762,4.1137
-402,-0.8364,1.449,-2.04572,4.106
-401.5,-0.8355,1.4465,-2.04382,4.0983
-401,-0.8347,1.4441,-2.04191,4.0907
-400.5,-0.8339,1.4416,-2.04,4.0831
-400,-0.8331,1.4392,-2.0381,4.0754
-399.5,-0.8323,1.4367,-2.0362,4.0678
-399,-0.8314,1.4343,-2.0343,4.0602
-398.5,-0.8306,1.4318,-2.0324,4.0526
-398,-0.8298,1.4294,-2.0305,4.045
-397.5,-0.829,1.4269,-2.0285,4.0374
-397,-0.8281,1.4245,-2.0266,4.0299
-396.5,-0.8273,1.4221,-2.0247,4.0223
-396,-0.8265,1.4196,-2.0228,4.0148
-395.5,-0.8257,1.4172,-2.0209,4.0072
-395,-0.8248,1.4148,-2.019,3.9997
-394.5,-0.824,1.4123,-2.017,3.9922
-394,-0.8232,1.4099,-2.0151,3.9846
-393.5,-0.8224,1.4075,-2.0132,3.9771
-393,-0.8215,1.405,-2.0113,3.9696
-392.5,-0.8207,1.4026,-2.0093,3.9622
-392,-0.8199,1.4002,-2.0074,3.9547
-391.5,-0.819,1.3978,-2.0055,3.9472
-391,-0.8182,1.3954,-2.0035,3.9398
-390.5,-0.8174,1.393,-2.0016,3.9323
-390,-0.8165,1.3906,-1.9997,3.9249
-389.5,-0.8157,1.3881,-1.9978,3.9174
-389,-0.8149,1.3857,-1.9958,3.91
-388.5,-0.8141,1.3833,-1.9939,3.9026
-388,-0.8132,1.3809,-1.9919,3.8952
-387.5,-0.8124,1.3785,-1.99,3.8878
-387,-0.8116,1.3761,-1.9881,3.8804
-386.5,-0.8107,1.3737,-1.9861,3.873
-386,-0.8099,1.3714,-1.9842,3.8657
-385.5,-0.8091,1.369,-1.9822,3.8583
-385,-0.8082,1.3666,-1.9803,3.8509
-384.5,-0.8074,1.3642,-1.9784,3.8436
-384,-0.8065,1.3618,-1.9764,3.8363
-383.5,-0.8057,1.3594,-1.9745,3.8289
-383,-0.8049,1.357,-1.9725,3.8216
-382.5,-0.804,1.3547,-1.9706,3.8143
-382,-0.8032,1.3523,-1.9686,3.807
-381.5,-0.8024,1.3499,-1.9667,3.7997
-381,-0.8015,1.3475,-1.9647,3.7925
-380.5,-0.8007,1.3452,-1.9627,3.7852
-380,-0.7998,1.3428,-1.9608,3.7779
-379.5,-0.799,1.3404,-1.9588,3.7707
-379,-0.7982,1.3381,-1.9569,3.7634
-378.5,-0.7973,1.3357,-1.9549,3.7562
-378,-0.7965,1.3334,-1.953,3.749
-377.5,-0.7956,1.331,-1.951,3.7417
-377,-0.7948,1.3287,-1.949,3.7345
-376.5,-0.794,1.3263,-1.9471,3.7273
-376,-0.7931,1.3239,-1.9451,3.7201
-375.5,-0.7923,1.3216,-1.9431,3.713
-375,-0.7914,1.3193,-1.9412,3.7058
-374.5,-0.7906,1.3169,-1.9392,3.6986
-374,-0.7897,1.3146,-1.9372,3.6914
-373.5,-0.7889,1.3122,-1.9352,3.6843
-373,-0.7881,1.3099,-1.9333,3.6772
-372.5,-0.7872,1.3076,-1.9313,3.67
-372,-0.7864,1.3052,-1.9293,3.6629
-371.5,-0.7855,1.3029,-1.9273,3.6558
-371,-0.7847,1.3006,-1.9254,3.6487
-370.5,-0.7838,1.2982,-1.9234,3.6416
-370,-0.783,1.2959,-1.9214,3.6345
-369.5,-0.7821,1.2936,-1.9194,3.6274
-369,-0.7813,1.2913,-1.9174,3.6203
-368.5,-0.7804,1.2889,-1.9154,3.6133
-368,-0.7796,1.2866,-1.9135,3.6062
-367.5,-0.7787,1.2843,-1.9115,3.5992
-367,-0.7779,1.282,-1.9095,3.5921
-366.5,-0.777,1.2797,-1.9075,3.5851
-366,-0.7762,1.2774,-1.9055,3.5781
-365.5,-0.7753,1.2751,-1.9035,3.571
-365,-0.7745,1.2728,-1.9015,3.564
-364.5,-0.7736,1.2705,-1.8995,3.557
-364,-0.7728,1.2682,-1.8975,3.55
-363.5,-0.7719,1.2659,-1.8955,3.5431
-363,-0.771,1.2636,-1.8935,3.5361
-362.5,-0.7702,1.2613,-1.8915,3.5291
-362,-0.7693,1.259,-1.8895,3.5222
-361.5,-0.7685,1.2567,-1.8875,3.5152
-361,-0.7676,1.2544,-1.8855,3.5083
-360.5,-0.7668,1.2521,-1.8835,3.5013
-360,-0.7659,1.2498,-1.8815,3.4944
-359.5,-0.765,1.2475,-1.8795,3.4875
-359,-0.7642,1.2453,-1.8775,3.4806
-358.5,-0.7633,1.243,-1.8755,3.4737
-358,-0.7625,1.2407,-1.8734,3.4668
-357.5,-0.7616,1.2384,-1.8714,3.4599
-357,-0.7608,1.2362,-1.8694,3.453
-356.5,-0.7599,1.2339,-1.8674,3.4462
-356,-0.759,1.2316,-1.8654,3.4393
-355.5,-0.7582,1.2294,-1.8634,3.4325
-355,-0.7573,1.2271,-1.8613,3.4256
-354.5,-0.7564,1.2248,-1.8593,3.4188
-354,-0.7556,1.2226,-1.8573,3.412
-353.5,-0.7547,1.2203,-1.8553,3.4051
-353,-0.7539,1.2181,-1.8533,3.3983
-352.5,-0.753,1.2158,-1.8512,3.3915
-352,-0.7521,1.2135,-1.8492,3.3847
-351.5,-0.7513,1.2113,-1.8472,3.3779
-351,-0.7504,1.209,-1.8451,3.3712
-350.5,-0.7495,1.2068,-1.8431,3.3644
-350,-0.7487,1.2045,-1.8411,3.3576
-349.5,-0.7478,1.2023,-1.839,3.3509
-349,-0.7469,1.2001,-1.837,3.3441
-348.5,-0.7461,1.1978,-1.835,3.3374
-348,-0.7452,1.1956,-1.8329,3.3306
-347.5,-0.7443,1.1934,-1.8309,3.3239
-347,-0.7435,1.1911,-1.8288,3.3172
-346.5,-0.7426,1.1889,-1.8268,3.3105
-346,-0.7417,1.1867,-1.8248,3.3038
-345.5,-0.7408,1.1844,-1.8227,3.2971
-345,-0.74,1.1822,-1.8207,3.2904
-344.5,-0.7391,1.18,-1.8186,3.2837
-344,-0.7382,1.1778,-1.8166,3.2771
-343.5,-0.7374,1.1755,-1.8145,3.2704
-343,-0.7365,1.1733,-1.8125,3.2637
-342.5,-0.7356,1.1711,-1.8104,3.2571
-342,-0.7347,1.1689,-1.8084,3.2505
-341.5,-0.7339,1.1667,-1.8063,3.2438
-341,-0.733,1.1645,-1.8042,3.2372
-340.5,-0.7321,1.1623,-1.8022,3.2306
-340,-0.7312,1.16,-1.8001,3.224
-339.5,-0.7304,1.1578,-1.7981,3.2174
-339,-0.7295,1.1556,-1.796,3.2108
-338.5,-0.7286,1.1534,-1.7939,3.2042
-338,-0.7277,1.1512,-1.7919,3.1976
-337.5,-0.7268,1.149,-1.7898,3.191
-337,-0.726,1.1468,-1.7877,3.1845
-336.5,-0.7251,1.1447,-1.7857,3.1779
-336,-0.7242,1.1425,-1.7836,3.1714
-335.5,-0.7233,1.1403,-1.7815,3.1648
-335,-0.7224,1.1381,-1.7794,3.1583
-334.5,-0.7216,1.1359,-1.7774,3.1518
-334,-0.7207,1.1337,-1.7753,3.1453
-333.5,-0.7198,1.1315,-1.7732,3.1387
-333,-0.7189,1.1294,-1.7711,3.1322
-332.5,-0.718,1.1272,-1.7691,3.1257
-332,-0.7171,1.125,-1.767,3.1193
-331.5,-0.7163,1.1228,-1.7649,3.1128
-331,-0.7154,1.1207,-1.7628,3.1063
-330.5,-0.7145,1.1185,-1.7607,3.0998
-330,-0.7136,1.1163,-1.7586,3.0934
-329.5,-0.7127,1.1141,-1.7565,3.0869
-329,-0.7118,1.112,-1.7545,3.0805
-328.5,-0.7109,1.1098,-1.7524,3.074
-328,-0.7101,1.1077,-1.7503,3.0676
-327.5,-0.7092,1.1055,-1.7482,3.0612
-327,-0.7083,1.1033,-1.7461,3.0548
-326.5,-0.7074,1.1012,-1.744,3.0484
-326,-0.7065,1.099,-1.7419,3.042
-325.5,-0.7056,1.0969,-1.7398,3.0356
-325,-0.7047,1.0947,-1.7377,3.0292
-324.5,-0.7038,1.0926,-1.7356,3.0228
-324,-0.7029,1.0904,-1.7335,3.0164
-323.5,-0.702,1.0883,-1.7314,3.0101
-323,-0.7012,1.0861,-1.7293,3.0037
-322.5,-0.7003,1.084,-1.7272,2.9974
-322,-0.6994,1.0819,-1.7251,2.991
-321.5,-0.6985,1.0797,-1.7229,2.9847
-321,-0.6976,1.0776,-1.7208,2.9783
-320.5,-0.6967,1.0754,-1.7187,2.972
-320,-0.6958,1.0733,-1.7166,2.9657
-319.5,-0.6949,1.0712,-1.7145,2.9594
-319,-0.694,1.0691,-1.7124,2.9531
-318.5,-0.6931,1.0669,-1.7103,2.9468
-318,-0.6922,1.0648,-1.7081,2.9405
-317.5,-0.6913,1.0627,-1.706,2.9342
-317,-0.6904,1.0606,-1.7039,2.928
-316.5,-0.6895,1.0584,-1.7018,2.9217
-316,-0.6886,1.0563,-1.6996,2.9154
-315.5,-0.6877,1.0542,-1.6975,2.9092
-315,-0.6868,1.0521,-1.6954,2.903
-314.5,-0.6859,1.05,-1.6932,2.8967
-314,-0.685,1.0479,-1.6911,2.8905
-313.5,-0.6841,1.0458,-1.689,2.8843
-313,-0.6832,1.0436,-1.6868,2.878
-312.5,-0.6823,1.0415,-1.6847,2.8718
-312,-0.6814,1.0394,-1.6826,2.8656
-311.5,-0.6805,1.0373,-1.6804,2.8594
-311,-0.6796,1.0352,-1.6783,2.8532
-310.5,-0.6787,1.0331,-1.6762,2.8471
-310,-0.6778,1.031,-1.674,2.8409
-309.5,-0.6769,1.0289,-1.6719,2.8347
-309,-0.676,1.0268,-1.6697,2.8286
-308.5,-0.6751,1.0248,-1.6676,2.8224
-308,-0.6741,1.0227,-1.6654,2.8163
-307.5,-0.6732,1.0206,-1.6633,2.8101
-307,-0.6723,1.0185,-1.6611,2.804
-306.5,-0.6714,1.0164,-1.659,2.7979
-306,-0.6705,1.0143,-1.6568,2.7917
-305.5,-0.6696,1.0122,-1.6547,2.7856
-305,-0.6687,1.0102,-1.6525,2.7795
-304.5,-0.6678,1.0081,-1.6503,2.7734
-304,-0.6669,1.006,-1.6482,2.7673
-303.5,-0.666,1.0039,-1.646,2.7612
-303,-0.665,1.0019,-1.6439,2.7552
-302.5,-0.6641,0.9998,-1.6417,2.7491
-302,-0.6632,0.9977,-1.6395,2.743
-301.5,-0.6623,0.9957,-1.6374,2.737
-301,-0.6614,0.9936,-1.6352,2.7309
-300.5,-0.6605,0.9915,-1.633,2.7249
-300,-0.6596,0.9895,-1.6308,2.7188
-299.5,-0.6586,0.9874,-1.6287,2.7128
-299,-0.6577,0.9853,-1.6265,2.7068
-298.5,-0.6568,0.9833,-1.6243,2.7008
-298,-0.6559,0.9812,-1.6221,2.6947
-297.5,-0.655,0.9792,-1.62,2.6887
-297,-0.6541,0.9771,-1.6178,2.6827
-296.5,-0.6531,0.9751,-1.6156,2.6767
-296,-0.6522,0.973,-1.6134,2.6708
-295.5,-0.6513,0.971,-1.6112,2.6648
-295,-0.6504,0.9689,-1.609,2.6588
-294.5,-0.6494,0.9669,-1.6069,2.6528
-294,-0.6485,0.9648,-1.6047,2.6469
-293.5,-0.6476,0.9628,-1.6025,2.6409
-293,-0.6467,0.9608,-1.6003,2.635
-292.5,-0.6458,0.9587,-1.5981,2.629
-292,-0.6448,0.9567,-1.5959,2.6231
-291.5,-0.6439,0.9547,-1.5937,2.6172
-291,-0.643,0.9526,-1.5915,2.6113
-290.5,-0.6421,0.9506,-1.5893,2.6053
-290,-0.6411,0.9486,-1.5871,2.5994
-289.5,-0.6402,0.9465,-1.5849,2.5935
-289,-0.6393,0.9445,-1.5827,2.5876
-288.5,-0.6384,0.9425,-1.5805,2.5817
-288,-0.6374,0.9405,-1.5783,2.5759
-287.5,-0.6365,0.9385,-1.5761,2.57
-287,-0.6356,0.9364,-1.5739,2.5641
-286.5,-0.6346,0.9344,-1.5717,2.5583
-286,-0.6337,0.9324,-1.5694,2.5524
-285.5,-0.6328,0.9304,-1.5672,2.5466
-285,-0.6318,0.9284,-1.565,2.5407
-284.5,-0.6309,0.9264,-1.5628,2.5349
-284,-0.63,0.9244,-1.5606,2.529
-283.5,-0.6291,0.9224,-1.5584,2.5232
-283,-0.6281,0.9204,-1.5561,2.5174
-282.5,-0.6272,0.9184,-1.5539,2.5116
-282,-0.6263,0.9164,-1.5517,2.5058
-281.5,-0.6253,0.9144,-1.5495,2.5
-281,-0.6244,0.9124,-1.5472,2.4942
-280.5,-0.6234,0.9104,-1.545,2.4884
-280,-0.6225,0.9084,-1.5428,2.4826
-279.5,-0.6216,0.9064,-1.5405,2.4768
-279,-0.6206,0.9044,-1.5383,2.4711
-278.5,-0.6197,0.9024,-1.5361,2.4653
-278,-0.6188,0.9004,-1.5338,2.4596
-277.5,-0.6178,0.8984,-1.5316,2.4538
-277,-0.6169,0.8964,-1.5293,2.4481
-276.5,-0.6159,0.8944,-1.5271,2.4423
-276,-0.615,0.8925,-1.5249,2.4366
-275.5,-0.6141,0.8905,-1.5226,2.4309
-275,-0.6131,0.8885,-1.5204,2.4251
-274.5,-0.6122,0.8865,-1.5181,2.4194
-274,-0.6112,0.8845,-1.5159,2.4137
-273.5,-0.6103,0.8826,-1.5136,2.408
-273,-0.6093,0.8806,-1.5114,2.4023
-272.5,-0.6084,0.8786,-1.5091,2.3966
-272,-0.6075,0.8767,-1.5069,2.391
-271.5,-0.6065,0.8747,-1.5046,2.3853
-271,-0.6056,0.8727,-1.5023,2.3796
-270.5,-0.6046,0.8708,-1.5001,2.3739
-270,-0.6037,0.8688,-1.4978,2.3683
-269.5,-0.6027,0.8668,-1.4956,2.3626
-269,-0.6018,0.8649,-1.4933,2.357
-268.5,-0.6008,0.8629,-1.491,2.3514
-268,-0.5999,0.861,-1.4888,2.3457
-267.5,-0.5989,0.859,-1.4865,2.3401
-267,-0.598,0.8571,-1.4842,2.3345
-266.5,-0.597,0.8551,-1.4819,2.3289
-266,-0.5961,0.8532,-1.4797,2.3232
-265.5,-0.5951,0.8512,-1.4774,2.3176
-265,-0.5942,0.8493,-1.4751,2.312
-264.5,-0.5932,0.8473,-1.4728,2.3065
-264,-0.5923,0.8454,-1.4706,2.3009
-263.5,-0.5913,0.8434,-1.4683,2.2953
-263,-0.5904,0.8415,-1.466,2.2897
-262.5,-0.5894,0.8395,-1.4637,2.2841
-262,-0.5884,0.8376,-1.4614,2.2786
-261.5,-0.5875,0.8357,-1.4591,2.273
-261,-0.5865,0.8337,-1.4568,2.2675
-260.5,-0.5856,0.8318,-1.4545,2.2619
-260,-0.5846,0.8299,-1.4523,2.2564
-259.5,-0.5837,0.8279,-1.45,2.2509
-259,-0.5827,0.826,-1.4477,2.2453
-258.5,-0.5817,0.8241,-1.4454,2.2398
-258,-0.5808,0.8222,-1.4431,2.2343
-257.5,-0.5798,0.8202,-1.4408,2.2288
-257,-0.5789,0.8183,-1.4385,2.2233
-256.5,-0.5779,0.8164,-1.4362,2.2178
-256,-0.5769,0.8145,-1.4339,2.2123
-255.5,-0.576,0.8126,-1.4315,2.2068
-255,-0.575,0.8106,-1.4292,2.2013
-254.5,-0.574,0.8087,-1.4269,2.1958
-254,-0.5731,0.8068,-1.4246,2.1904
-253.5,-0.5721,0.8049,-1.4223,2.1849
-253,-0.5712,0.803,-1.42,2.1795
-252.5,-0.5702,0.8011,-1.4177,2.174
-252,-0.5692,0.7992,-1.4154,2.1686
-251.5,-0.5683,0.7973,-1.413,2.1631
-251,-0.5673,0.7954,-1.4107,2.1577
-250.5,-0.5663,0.7935,-1.4084,2.1523
-250,-0.5654,0.7916,-1.4061,2.1468
-249.5,-0.5644,0.7897,-1.4037,2.1414
-249,-0.5634,0.7878,-1.4014,2.136
-248.5,-0.5624,0.7859,-1.3991,2.1306
-248,-0.5615,0.784,-1.3967,2.1252
-247.5,-0.5605,0.7821,-1.3944,2.1198
-247,-0.5595,0.7802,-1.3921,2.1144
-246.5,-0.5586,0.7783,-1.3897,2.109
-246,-0.5576,0.7764,-1.3874,2.1036
-245.5,-0.5566,0.7745,-1.3851,2.0983
-245,-0.5556,0.7726,-1.3827,2.0929
-244.5,-0.5547,0.7708,-1.3804,2.0875
-244,-0.5537,0.7689,-1.378,2.0822
-243.5,-0.5527,0.767,-1.3757,2.0768
-243,-0.5517,0.7651,-1.3733,2.0715
-242.5,-0.5508,0.7632,-1.371,2.0662
-242,-0.5498,0.7614,-1.3686,2.0608
-241.5,-0.5488,0.7595,-1.3663,2.0555
-241,-0.5478,0.7576,-1.3639,2.0502
-240.5,-0.5468,0.7557,-1.3616,2.0449
-240,-0.5459,0.7539,-1.3592,2.0395
-239.5,-0.5449,0.752,-1.3569,2.0342
-239,-0.5439,0.7501,-1.3545,2.0289
-238.5,-0.5429,0.7483,-1.3521,2.0236
-238,-0.5419,0.7464,-1.3498,2.0183
-237.5,-0.541,0.7445,-1.3474,2.0131
-237,-0.54,0.7427,-1.345,2.0078
-236.5,-0.539,0.7408,-1.3427,2.0025
-236,-0.538,0.739,-1.3403,1.9972
-235.5,-0.537,0.7371,-1.3379,1.992
-235,-0.536,0.7353,-1.3356,1.9867
-234.5,-0.535,0.7334,-1.3332,1.9815
-234,-0.5341,0.7315,-1.3308,1.9762
-233.5,-0.5331,0.7297,-1.3284,1.971
-233,-0.5321,0.7278,-1.326,1.9658
-232.5,-0.5311,0.726,-1.3237,1.9605
-232,-0.5301,0.7241,-1.3213,1.9553
-231.5,-0.5291,0.7223,-1.3189,1.9501
-231,-0.5281,0.7205,-1.3165,1.9449
-230.5,-0.5271,0.7186,-1.3141,1.9397
-230,-0.5261,0.7168,-1.3117,1.9345
-229.5,-0.5252,0.7149,-1.3093,1.9293
-229,-0.5242,0.7131,-1.3069,1.9241
-228.5,-0.5232,0.7113,-1.3045,1.9189
-228,-0.5222,0.7094,-1.3021,1.9137
-227.5,-0.5212,0.7076,-1.2997,1.9085
-227,-0.5202,0.7058,-1.2973,1.9033
-226.5,-0.5192,0.7039,-1.2949,1.8982
-226,-0.5182,0.7021,-1.2925,1.893
-225.5,-0.5172,0.7003,-1.2901,1.8879
-225,-0.5162,0.6984,-1.2877,1.8827
-224.5,-0.5152,0.6966,-1.2853,1.8776
-224,-0.5142,0.6948,-1.2829,1.8724
-223.5,-0.5132,0.693,-1.2805,1.8673
-223,-0.5122,0.6911,-1.2781,1.8622
-222.5,-0.5112,0.6893,-1.2757,1.857
-222,-0.5102,0.6875,-1.2732,1.8519
-221.5,-0.5092,0.6857,-1.2708,1.8468
-221,-0.5082,0.6839,-1.2684,1.8417
-220.5,-0.5072,0.6821,-1.266,1.8366
-220,-0.5062,0.6803,-1.2636,1.8315
-219.5,-0.5052,0.6784,-1.2611,1.8264
-219,-0.5042,0.6766,-1.2587,1.8213
-218.5,-0.5032,0.6748,-1.2563,1.8162
-218,-0.5022,0.673,-1.2538,1.8112
-217.5,-0.5012,0.6712,-1.2514,1.8061
-217,-0.5002,0.6694,-1.249,1.801
-216.5,-0.4992,0.6676,-1.2465,1.796
-216,-0.4982,0.6658,-1.2441,1.7909
-215.5,-0.4971,0.664,-1.2417,1.7859
-215,-0.4961,0.6622,-1.2392,1.7808
-214.5,-0.4951,0.6604,-1.2368,1.7758
-214,-0.4941,0.6586,-1.2343,1.7707
-213.5,-0.4931,0.6568,-1.2319,1.7657
-213,-0.4921,0.655,-1.2294,1.7607
-212.5,-0.4911,0.6532,-1.227,1.7557
-212,-0.4901,0.6514,-1.2245,1.7506
-211.5,-0.4891,0.6497,-1.2221,1.7456
-211,-0.488,0.6479,-1.2196,1.7406
-210.5,-0.487,0.6461,-1.2172,1.7356
-210,-0.486,0.6443,-1.2147,1.7306
-209.5,-0.485,0.6425,-1.2122,1.7256
-209,-0.484,0.6407,-1.2098,1.7206
-208.5,-0.483,0.639,-1.2073,1.7157
-208,-0.482,0.6372,-1.2048,1.7107
-207.5,-0.4809,0.6354,-1.2024,1.7057
-207,-0.4799,0.6336,-1.1999,1.7008
-206.5,-0.4789,0.6318,-1.1974,1.6958
-206,-0.4779,0.6301,-1.195,1.6908
-205.5,-0.4769,0.6283,-1.1925,1.6859
-205,-0.4758,0.6265,-1.19,1.6809
-204.5,-0.4748,0.6248,-1.1875,1.676
-204,-0.4738,0.623,-1.1851,1.6711
-203.5,-0.4728,0.6212,-1.1826,1.6661
-203,-0.4717,0.6195,-1.1801,1.6612
-202.5,-0.4707,0.6177,-1.1776,1.6563
-202,-0.4697,0.6159,-1.1751,1.6514
-201.5,-0.4687,0.6142,-1.1726,1.6465
-201,-0.4677,0.6124,-1.1701,1.6416
-200.5,-0.4666,0.6107,-1.1676,1.6367
-200,-0.4656,0.6089,-1.1651,1.6318
-199.5,-0.4646,0.6071,-1.1627,1.6269
-199,-0.4635,0.6054,-1.1602,1.622
-198.5,-0.4625,0.6036,-1.1577,1.6171
-198,-0.4615,0.6019,-1.1552,1.6122
-197.5,-0.4605,0.6001,-1.1527,1.6073
-197,-0.4594,0.5984,-1.1501,1.6025
-196.5,-0.4584,0.5966,-1.1476,1.5976
-196,-0.4574,0.5949,-1.1451,1.5928
-195.5,-0.4563,0.5931,-1.1426,1.5879
-195,-0.4553,0.5914,-1.1401,1.5831
-194.5,-0.4543,0.5897,-1.1376,1.5782
-194,-0.4532,0.5879,-1.1351,1.5734
-193.5,-0.4522,0.5862,-1.1326,1.5685
-193,-0.4512,0.5844,-1.13,1.5637
-192.5,-0.4501,0.5827,-1.1275,1.5589
-192,-0.4491,0.581,-1.125,1.5541
-191.5,-0.4481,0.5792,-1.1225,1.5493
-191,-0.447,0.5775,-1.1199,1.5444
-190.5,-0.446,0.5758,-1.1174,1.5396
-190,-0.4449,0.574,-1.1149,1.5348
-189.5,-0.4439,0.5723,-1.1123,1.53
-189,-0.4429,0.5706,-1.1098,1.5253
-188.5,-0.4418,0.5688,-1.1073,1.5205
-188,-0.4408,0.5671,-1.1047,1.5157
-187.5,-0.4397,0.5654,-1.1022,1.5109
-187,-0.4387,0.5637,-1.0997,1.5061
-186.5,-0.4377,0.562,-1.0971,1.5014
-186,-0.4366,0.5602,-1.0946,1.4966
-185.5,-0.4356,0.5585,-1.092,1.4918
-185,-0.4345,0.5568,-1.0895,1.4871
-184.5,-0.4335,0.5551,-1.0869,1.4823
-184,-0.4324,0.5534,-1.0844,1.4776
-183.5,-0.4314,0.5517,-1.0818,1.4729
-183,-0.4303,0.5499,-1.0793,1.4681
-182.5,-0.4293,0.5482,-1.0767,1.4634
-182,-0.4282,0.5465,-1.0741,1.4587
-181.5,-0.4272,0.5448,-1.0716,1.454
-181,-0.4261,0.5431,-1.069,1.4492
-180.5,-0.4251,0.5414,-1.0664,1.4445
-180,-0.424,0.5397,-1.0639,1.4398
-179.5,-0.423,0.538,-1.0613,1.4351
-179,-0.4219,0.5363,-1.0587,1.4304
-178.5,-0.4209,0.5346,-1.0562,1.4257
-178,-0.4198,0.5329,-1.0536,1.421
-177.5,-0.4188,0.5312,-1.051,1.4164
-177,-0.4177,0.5295,-1.0484,1.4117
-176.5,-0.4167,0.5278,-1.0459,1.407
-176,-0.4156,0.5261,-1.0433,1.4023
-175.5,-0.4145,0.5244,-1.0407,1.3977
-175,-0.4135,0.5227,-1.0381,1.393
-174.5,-0.4124,0.521,-1.0355,1.3883
-174,-0.4114,0.5193,-1.0329,1.3837
-173.5,-0.4103,0.5177,-1.0303,1.379
-173,-0.4093,0.516,-1.0277,1.3744
-172.5,-0.4082,0.5143,-1.0251,1.3698
-172,-0.4071,0.5126,-1.0225,1.3651
-171.5,-0.4061,0.5109,-1.0199,1.3605
-171,-0.405,0.5092,-1.0173,1.3559
-170.5,-0.4039,0.5076,-1.0147,1.3513
-170,-0.4029,0.5059,-1.0121,1.3466
-169.5,-0.4018,0.5042,-1.0095,1.342
-169,-0.4007,0.5025,-1.0069,1.3374
-168.5,-0.3997,0.5009,-1.0043,1.3328
-168,-0.3986,0.4992,-1.0017,1.3282
-167.5,-0.3975,0.4975,-0.9991,1.3236
-167,-0.3965,0.4958,-0.9965,1.319
-166.5,-0.3954,0.4942,-0.9938,1.3144
-166,-0.3943,0.4925,-0.9912,1.3099
-165.5,-0.3933,0.4908,-0.9886,1.3053
-165,-0.3922,0.4892,-0.986,1.3007
-164.5,-0.3911,0.4875,-0.9833,1.2962
-164,-0.3901,0.4858,-0.9807,1.2916
-163.5,-0.389,0.4842,-0.9781,1.287
-163,-0.3879,0.4825,-0.9755,1.2825
-162.5,-0.3868,0.4808,-0.9728,1.2779
-162,-0.3858,0.4792,-0.9702,1.2734
-161.5,-0.3847,0.4775,-0.9675,1.2688
-161,-0.3836,0.4759,-0.9649,1.2643
-160.5,-0.3825,0.4742,-0.9623,1.2598
-160,-0.3815,0.4726,-0.9596,1.2552
-159.5,-0.3804,0.4709,-0.957,1.2507
-159,-0.3793,0.4693,-0.9543,1.2462
-158.5,-0.3782,0.4676,-0.9517,1.2417
-158,-0.3772,0.466,-0.949,1.2372
-157.5,-0.3761,0.4643,-0.9464,1.2327
-157,-0.375,0.4627,-0.9437,1.2282
-156.5,-0.3739,0.461,-0.9411,1.2237
-156,-0.3728,0.4594,-0.9384,1.2192
-155.5,-0.3717,0.4577,-0.9357,1.2147
-155,-0.3707,0.4561,-0.9331,1.2102
-154.5,-0.3696,0.4545,-0.9304,1.2057
-154,-0.3685,0.4528,-0.9277,1.2012
-153.5,-0.3674,0.4512,-0.9251,1.1968
-153,-0.3663,0.4495,-0.9224,1.1923
-152.5,-0.3652,0.4479,-0.9197,1.1878
-152,-0.3642,0.4463,-0.917,1.1834
-151.5,-0.3631,0.4446,-0.9144,1.1789
-151,-0.362,0.443,-0.9117,1.1745
-150.5,-0.3609,0.4414,-0.909,1.17
-150,-0.3598,0.4397,-0.9063,1.1656
-149.5,-0.3587,0.4381,-0.9036,1.1612
-149,-0.3576,0.4365,-0.901,1.1567
-148.5,-0.3565,0.4349,-0.8983,1.1523
-148,-0.3554,0.4332,-0.8956,1.1479
-147.5,-0.3543,0.4316,-0.8929,1.1434
-147,-0.3532,0.43,-0.8902,1.139
-146.5,-0.3521,0.4284,-0.8875,1.1346
-146,-0.3511,0.4268,-0.8848,1.1302
-145.5,-0.35,0.4251,-0.8821,1.1258
-145,-0.3489,0.4235,-0.8794,1.1214
-144.5,-0.3478,0.4219,-0.8767,1.117
-144,-0.3467,0.4203,-0.874,1.1126
-143.5,-0.3456,0.4187,-0.8713,1.1082
-143,-0.3445,0.4171,-0.8685,1.1038
-142.5,-0.3434,0.4154,-0.8658,1.0995
-142,-0.3423,0.4138,-0.8631,1.0951
-141.5,-0.3412,0.4122,-0.8604,1.0907
-141,-0.3401,0.4106,-0.8577,1.0863
-140.5,-0.339,0.409,-0.855,1.082
-140,-0.3379,0.4074,-0.8522,1.0776
-139.5,-0.3368,0.4058,-0.8495,1.0733
-139,-0.3357,0.4042,-0.8468,1.0689
-138.5,-0.3345,0.4026,-0.844,1.0646
-138,-0.3334,0.401,-0.8413,1.0602
-137.5,-0.3323,0.3994,-0.8386,1.0559
-137,-0.3312,0.3978,-0.8358,1.0516
-136.5,-0.3301,0.3962,-0.8331,1.0472
-136,-0.329,0.3946,-0.8304,1.0429
-135.5,-0.3279,0.393,-0.8276,1.0386
-135,-0.3268,0.3914,-0.8249,1.0343
-134.5,-0.3257,0.3898,-0.8221,1.0299
-134,-0.3246,0.3882,-0.8194,1.0256
-133.5,-0.3235,0.3866,-0.8166,1.0213
-133,-0.3223,0.3851,-0.8139,1.017
-132.5,-0.3212,0.3835,-0.8111,1.0127
-132,-0.3201,0.3819,-0.8084,1.0084
-131.5,-0.319,0.3803,-0.8056,1.0041
-131,-0.3179,0.3787,-0.8029,0.9999
-130.5,-0.3168,0.3771,-0.8001,0.9956
-130,-0.3157,0.3755,-0.7973,0.9913
-129.5,-0.3145,0.374,-0.7946,0.987
-129,-0.3134,0.3724,-0.7918,0.9828
-128.5,-0.3123,0.3708,-0.789,0.9785
-128,-0.3112,0.3692,-0.7862,0.9742
-127.5,-0.3101,0.3677,-0.7835,0.97
-127,-0.3089,0.3661,-0.7807,0.9657
-126.5,-0.3078,0.3645,-0.7779,0.9615
-126,-0.3067,0.3629,-0.7751,0.9572
-125.5,-0.3056,0.3614,-0.7723,0.953
-125,-0.3044,0.3598,-0.7696,0.9487
-124.5,-0.3033,0.3582,-0.7668,0.9445
-124,-0.3022,0.3566,-0.764,0.9403
-123.5,-0.3011,0.3551,-0.7612,0.936
-123,-0.2999,0.3535,-0.7584,0.9318
-122.5,-0.2988,0.3519,-0.7556,0.9276
-122,-0.2977,0.3504,-0.7528,0.9234
-121.5,-0.2966,0.3488,-0.75,0.9192
-121,-0.2954,0.3473,-0.7472,0.915
-120.5,-0.2943,0.3457,-0.7444,0.9108
-120,-0.2932,0.3441,-0.7416,0.9066
-119.5,-0.292,0.3426,-0.7388,0.9024
-119,-0.2909,0.341,-0.736,0.8982
-118.5,-0.2898,0.3395,-0.7332,0.894
-118,-0.2886,0.3379,-0.7303,0.8898
-117.5,-0.2875,0.3364,-0.7275,0.8856
-117,-0.2864,0.3348,-0.7247,0.8815
-116.5,-0.2852,0.3333,-0.7219,0.8773
-116,-0.2841,0.3317,-0.7191,0.8731
-115.5,-0.283,0.3302,-0.7162,0.869
-115,-0.2818,0.3286,-0.7134,0.8648
-114.5,-0.2807,0.3271,-0.7106,0.8606
-114,-0.2796,0.3255,-0.7077,0.8565
-113.5,-0.2784,0.324,-0.7049,0.8523
-113,-0.2773,0.3224,-0.7021,0.8482
-112.5,-0.2761,0.3209,-0.6992,0.844
-112,-0.275,0.3193,-0.6964,0.8399
-111.5,-0.2738,0.3178,-0.6935,0.8358
-111,-0.2727,0.3163,-0.6907,0.8316
-110.5,-0.2716,0.3147,-0.6878,0.8275
-110,-0.2704,0.3132,-0.685,0.8234
-109.5,-0.2693,0.3117,-0.6821,0.8193
-109,-0.2681,0.3101,-0.6793,0.8152
-108.5,-0.267,0.3086,-0.6764,0.8111
-108,-0.2658,0.3071,-0.6736,0.8069
-107.5,-0.2647,0.3055,-0.6707,0.8028
-107,-0.2635,0.304,-0.6678,0.7987
-106.5,-0.2624,0.3025,-0.665,0.7946
-106,-0.2612,0.3009,-0.6621,0.7906
-105.5,-0.2601,0.2994,-0.6592,0.7865
-105,-0.2589,0.2979,-0.6564,0.7824
-104.5,-0.2578,0.2964,-0.6535,0.7783
-104,-0.2566,0.2948,-0.6506,0.7742
-103.5,-0.2555,0.2933,-0.6477,0.7701
-103,-0.2543,0.2918,-0.6449,0.7661
-102.5,-0.2532,0.2903,-0.642,0.762
-102,-0.252,0.2887,-0.6391,0.7579
-101.5,-0.2508,0.2872,-0.6362,0.7539
-101,-0.2497,0.2857,-0.6333,0.7498
-100.5,-0.2485,0.2842,-0.6304,0.7458
-100,-0.2474,0.2827,-0.6275,0.7417
-99.5,-0.2462,0.2812,-0.6246,0.7377
-99,-0.2451,0.2797,-0.6217,0.7336
-98.5,-0.2439,0.2781,-0.6188,0.7296
-98,-0.2427,0.2766,-0.6159,0.7256
-97.5,-0.2416,0.2751,-0.613,0.7215
-97,-0.2404,0.2736,-0.6101,0.7175
-96.5,-0.2392,0.2721,-0.6072,0.7135
-96,-0.2381,0.2706,-0.6043,0.7095
-95.5,-0.2369,0.2691,-0.6014,0.7055
-95,-0.2357,0.2676,-0.5985,0.7015
-94.5,-0.2346,0.2661,-0.5955,0.6974
-94,-0.2334,0.2646,-0.5926,0.6934
-93.5,-0.2322,0.2631,-0.5897,0.6894
-93,-0.2311,0.2616,-0.5868,0.6854
-92.5,-0.2299,0.2601,-0.5838,0.6815
-92,-0.2287,0.2586,-0.5809,0.6775
-91.5,-0.2276,0.2571,-0.578,0.6735
-91,-0.2264,0.2556,-0.575,0.6695
-90.5,-0.2252,0.2541,-0.5721,0.6655
-90,-0.224,0.2526,-0.5692,0.6615
-89.5,-0.2229,0.2511,-0.5662,0.6576
-89,-0.2217,0.2496,-0.5633,0.6536
-88.5,-0.2205,0.2481,-0.5603,0.6496
-88,-0.2193,0.2466,-0.5574,0.6457
-87.5,-0.2182,0.2452,-0.5544,0.6417
-87,-0.217,0.2437,-0.5515,0.6378
-86.5,-0.2158,0.2422,-0.5485,0.6338
-86,-0.2146,0.2407,-0.5456,0.6299
-85.5,-0.2134,0.2392,-0.5426,0.6259
-85,-0.2123,0.2377,-0.5396,0.622
-84.5,-0.2111,0.2362,-0.5367,0.618
-84,-0.2099,0.2348,-0.5337,0.6141
-83.5,-0.2087,0.2333,-0.5307,0.6102
-83,-0.2075,0.2318,-0.5278,0.6063
-82.5,-0.2063,0.2303,-0.5248,0.6023
-82,-0.2052,0.2289,-0.5218,0.5984
-81.5,-0.204,0.2274,-0.5188,0.5945
-81,-0.2028,0.2259,-0.5159,0.5906
-80.5,-0.2016,0.2244,-0.5129,0.5867
-80,-0.2004,0.223,-0.5099,0.5828
-79.5,-0.1992,0.2215,-0.5069,0.5789
-79,-0.198,0.22,-0.5039,0.575
-78.5,-0.1968,0.2185,-0.5009,0.5711
-78,-0.1956,0.2171,-0.4979,0.5672
-77.5,-0.1945,0.2156,-0.4949,0.5633
-77,-0.1933,0.2141,-0.4919,0.5594
-76.5,-0.1921,0.2127,-0.4889,0.5555
-76,-0.1909,0.2112,-0.4859,0.5517
-75.5,-0.1897,0.2097,-0.4829,0.5478
-75,-0.1885,0.2083,-0.4799,0.5439
-74.5,-0.1873,0.2068,-0.4769,0.5401
-74,-0.1861,0.2054,-0.4739,0.5362
-73.5,-0.1849,0.2039,-0.4709,0.5323
-73,-0.1837,0.2024,-0.4678,0.5285
-72.5,-0.1825,0.201,-0.4648,0.5246
-72,-0.1813,0.1995,-0.4618,0.5208
-71.5,-0.1801,0.1981,-0.4588,0.5169
-71,-0.1789,0.1966,-0.4557,0.5131
-70.5,-0.1777,0.1952,-0.4527,0.5093
-70,-0.1765,0.1937,-0.4497,0.5054
-69.5,-0.1753,0.1923,-0.4466,0.5016
-69,-0.1741,0.1908,-0.4436,0.4978
-68.5,-0.1729,0.1894,-0.4406,0.4939
-68,-0.1717,0.1879,-0.4375,0.4901
-67.5,-0.1704,0.1865,-0.4345,0.4863
-67,-0.1692,0.185,-0.4314,0.4825
-66.5,-0.168,0.1836,-0.4284,0.4787
-66,-0.1668,0.1821,-0.4253,0.4749
-65.5,-0.1656,0.1807,-0.4223,0.471
-65,-0.1644,0.1793,-0.4192,0.4672
-64.5,-0.1632,0.1778,-0.4161,0.4634
-64,-0.162,0.1764,-0.4131,0.4596
-63.5,-0.1608,0.1749,-0.41,0.4559
-63,-0.1595,0.1735,-0.407,0.4521
-62.5,-0.1583,0.1721,-0.4039,0.4483
-62,-0.1571,0.1706,-0.4008,0.4445
-61.5,-0.1559,0.1692,-0.3977,0.4407
-61,-0.1547,0.1678,-0.3947,0.4369
-60.5,-0.1535,0.1663,-0.3916,0.4332
-60,-0.1522,0.1649,-0.3885,0.4294
-59.5,-0.151,0.1635,-0.3854,0.4256
-59,-0.1498,0.162,-0.3823,0.4219
-58.5,-0.1486,0.1606,-0.3792,0.4181
-58,-0.1474,0.1592,-0.3762,0.4144
-57.5,-0.1461,0.1577,-0.3731,0.4106
-57,-0.1449,0.1563,-0.37,0.4069
-56.5,-0.1437,0.1549,-0.3669,0.4031
-56,-0.1425,0.1535,-0.3638,0.3994
-55.5,-0.1412,0.152,-0.3607,0.3956
-55,-0.14,0.1506,-0.3575,0.3919
-54.5,-0.1388,0.1492,-0.3544,0.3882
-54,-0.1375,0.1478,-0.3513,0.3844
-53.5,-0.1363,0.1464,-0.3482,0.3807
-53,-0.1351,0.1449,-0.3451,0.377
-52.5,-0.1339,0.1435,-0.342,0.3733
-52,-0.1326,0.1421,-0.3389,0.3696
-51.5,-0.1314,0.1407,-0.3357,0.3658
-51,-0.1302,0.1393,-0.3326,0.3621
-50.5,-0.1289,0.1379,-0.3295,0.3584
-50,-0.1277,0.1365,-0.3263,0.3547
-49.5,-0.1265,0.135,-0.3232,0.351
-49,-0.1252,0.1336,-0.3201,0.3473
-48.5,-0.124,0.1322,-0.3169,0.3436
-48,-0.1227,0.1308,-0.3138,0.3399
-47.5,-0.1215,0.1294,-0.3107,0.3363
-47,-0.1203,0.128,-0.3075,0.3326
-46.5,-0.119,0.1266,-0.3044,0.3289
-46,-0.1178,0.1252,-0.3012,0.3252
-45.5,-0.1165,0.1238,-0.2981,0.3215
-45,-0.1153,0.1224,-0.2949,0.3179
-44.5,-0.1141,0.121,-0.2917,0.3142
-44,-0.1128,0.1196,-0.2886,0.3105
-43.5,-0.1116,0.1182,-0.2854,0.3069
-43,-0.1103,0.1168,-0.2822,0.3032
-42.5,-0.1091,0.1154,-0.2791,0.2996
-42,-0.1078,0.114,-0.2759,0.2959
-41.5,-0.1066,0.1126,-0.2727,0.2923
-41,-0.1053,0.1112,-0.2696,0.2886
-40.5,-0.1041,0.1098,-0.2664,0.285
-40,-0.1028,0.1084,-0.2632,0.2813
-39.5,-0.1016,0.107,-0.26,0.2777
-39,-0.1003,0.1056,-0.2568,0.2741
-38.5,-0.0991,0.1042,-0.2536,0.2704
-38,-0.0978,0.1028,-0.2504,0.2668
-37.5,-0.0966,0.1015,-0.2472,0.2632
-37,-0.0953,0.1001,-0.244,0.2595
-36.5,-0.094,0.0987,-0.2408,0.2559
-36,-0.0928,0.0973,-0.2376,0.2523
-35.5,-0.0915,0.0959,-0.2344,0.2487
-35,-0.0903,0.0945,-0.2312,0.2451
-34.5,-0.089,0.0931,-0.228,0.2415
-34,-0.0877,0.0918,-0.2248,0.2379
-33.5,-0.0865,0.0904,-0.2216,0.2343
-33,-0.0852,0.089,-0.2184,0.2307
-32.5,-0.084,0.0876,-0.2152,0.2271
-32,-0.0827,0.0862,-0.2119,0.2235
-31.5,-0.0814,0.0849,-0.2087,0.2199
-31,-0.0802,0.0835,-0.2055,0.2163
-30.5,-0.0789,0.0821,-0.2022,0.2128
-30,-0.0776,0.0807,-0.199,0.2092
-29.5,-0.0764,0.0794,-0.1958,0.2056
-29,-0.0751,0.078,-0.1925,0.202
-28.5,-0.0738,0.0766,-0.1893,0.1985
-28,-0.0725,0.0753,-0.186,0.1949
-27.5,-0.0713,0.0739,-0.1828,0.1913
-27,-0.07,0.0725,-0.1795,0.1878
-26.5,-0.0687,0.0712,-0.1763,0.1842
-26,-0.0675,0.0698,-0.173,0.1807
-25.5,-0.0662,0.0684,-0.1698,0.1771
-25,-0.0649,0.0671,-0.1665,0.1736
-24.5,-0.0636,0.0657,-0.1633,0.17
-24,-0.0624,0.0643,-0.16,0.1665
-23.5,-0.0611,0.063,-0.1567,0.1629
-23,-0.0598,0.0616,-0.1535,0.1594
-22.5,-0.0585,0.0602,-0.1502,0.1559
-22,-0.0572,0.0589,-0.1469,0.1523
-21.5,-0.0559,0.0575,-0.1436,0.1488
-21,-0.0547,0.0562,-0.1403,0.1453
-20.5,-0.0534,0.0548,-0.1371,0.1418
-20,-0.0521,0.0535,-0.1338,0.1383
-19.5,-0.0508,0.0521,-0.1305,0.1347
-19,-0.0495,0.0508,-0.1272,0.1312
-18.5,-0.0482,0.0494,-0.1239,0.1277
-18,-0.047,0.048,-0.1206,0.1242
-17.5,-0.0457,0.0467,-0.1173,0.1207
-17,-0.0444,0.0453,-0.114,0.1172
-16.5,-0.0431,0.044,-0.1107,0.1137
-16,-0.0418,0.0426,-0.1074,0.1102
-15.5,-0.0405,0.0413,-0.1041,0.1067
-15,-0.0392,0.04,-0.1007,0.1033
-14.5,-0.0379,0.0386,-0.0974,0.0998
-14,-0.0366,0.0373,-0.0941,0.0963
-13.5,-0.0353,0.0359,-0.0908,0.0928
-13,-0.034,0.0346,-0.0875,0.0893
-12.5,-0.0327,0.0332,-0.0841,0.0859
-12,-0.0314,0.0319,-0.0808,0.0824
-11.5,-0.0301,0.0306,-0.0775,0.0789
-11,-0.0288,0.0292,-0.0741,0.0755
-10.5,-0.0275,0.0279,-0.0708,0.072
-10,-0.0262,0.0265,-0.0675,0.0685
-9.5,-0.0249,0.0252,-0.0641,0.0651
-9,-0.0236,0.0239,-0.0608,0.0616
-8.5,-0.0223,0.0225,-0.0574,0.0582
-8,-0.021,0.0212,-0.0541,0.0547
-7.5,-0.0197,0.0199,-0.0507,0.0513
-7,-0.0184,0.0185,-0.0473,0.0478
-6.5,-0.0171,0.0172,-0.044,0.0444
-6,-0.0158,0.0159,-0.0406,0.041
-5.5,-0.0145,0.0145,-0.0372,0.0375
-5,-0.0132,0.0132,-0.0339,0.0341
-4.5,-0.0119,0.0119,-0.0305,0.0307
-4,-0.0106,0.0106,-0.0271,0.0273
-3.5,-0.0092,0.0092,-0.0238,0.0238
-3,-0.0079,0.0079,-0.0204,0.0204
-2.5,-0.0066,0.0066,-0.017,0.017
-2,-0.0053,0.0053,-0.0136,0.0136
-1.5,-0.004,0.0039,-0.0102,0.0102
-1,-0.0027,0.0026,-0.0068,0.0068
-0.5,-0.0013,0.0013,-0.0034,0.0034
0,0,0,0,0
0.5,0.0013,-0.0013,0.0034,-0.0034
1,0.0026,-0.0027,0.0068,-0.0068
1.5,0.0039,-0.004,0.0102,-0.0102
2,0.0053,-0.0053,0.0136,-0.0136
2.5,0.0066,-0.0066,0.017,-0.017
3,0.0079,-0.0079,0.0204,-0.0204
3.5,0.0092,-0.0092,0.0238,-0.0238
4,0.0106,-0.0106,0.0273,-0.0271
4.5,0.0119,-0.0119,0.0307,-0.0305
5,0.0132,-0.0132,0.0341,-0.0339
5.5,0.0145,-0.0145,0.0375,-0.0372
6,0.0159,-0.0158,0.041,-0.0406
6.5,0.0172,-0.0171,0.0444,-0.044
7,0.0185,-0.0184,0.0478,-0.0473
7.5,0.0199,-0.0197,0.0513,-0.0507
8,0.0212,-0.021,0.0547,-0.0541
8.5,0.0225,-0.0223,0.0582,-0.0574
9,0.0239,-0.0236,0.0616,-0.0608
9.5,0.0252,-0.0249,0.0651,-0.0641
10,0.0265,-0.0262,0.0685,-0.0675
10.5,0.0279,-0.0275,0.072,-0.0708
11,0.0292,-0.0288,0.0755,-0.0741
11.5,0.0306,-0.0301,0.0789,-0.0775
12,0.0319,-0.0314,0.0824,-0.0808
12.5,0.0332,-0.0327,0.0859,-0.0841
13,0.0346,-0.034,0.0893,-0.0875
13.5,0.0359,-0.0353,0.0928,-0.0908
14,0.0373,-0.0366,0.0963,-0.0941
14.5,0.0386,-0.0379,0.0998,-0.0974
15,0.04,-0.0392,0.1033,-0.1007
15.5,0.0413,-0.0405,0.1067,-0.1041
16,0.0426,-0.0418,0.1102,-0.1074
16.5,0.044,-0.0431,0.1137,-0.1107
17,0.0453,-0.0444,0.1172,-0.114
17.5,0.0467,-0.0457,0.1207,-0.1173
18,0.048,-0.047,0.1242,-0.1206
18.5,0.0494,-0.0482,0.1277,-0.1239
19,0.0508,-0.0495,0.1312,-0.1272
19.5,0.0521,-0.0508,0.1347,-0.1305
20,0.0535,-0.0521,0.1383,-0.1338
20.5,0.0548,-0.0534,0.1418,-0.1371
21,0.0562,-0.0547,0.1453,-0.1403
21.5,0.0575,-0.0559,0.1488,-0.1436
22,0.0589,-0.0572,0.1523,-0.1469
22.5,0.0602,-0.0585,0.1559,-0.1502
23,0.0616,-0.0598,0.1594,-0.1535
23.5,0.063,-0.0611,0.1629,-0.1567
24,0.0643,-0.0624,0.1665,-0.16
24.5,0.0657,-0.0636,0.17,-0.1633
25,0.0671,-0.0649,0.1736,-0.1665
25.5,0.0684,-0.0662,0.1771,-0.1698
26,0.0698,-0.0675,0.1807,-0.173
26.5,0.0712,-0.0687,0.1842,-0.1763
27,0.0725,-0.07,0.1878,-0.1795
27.5,0.0739,-0.0713,0.1913,-0.1828
28,0.0753,-0.0725,0.1949,-0.186
28.5,0.0766,-0.0738,0.1985,-0.1893
29,0.078,-0.0751,0.202,-0.1925
29.5,0.0794,-0.0764,0.2056,-0.1958
30,0.0807,-0.0776,0.2092,-0.199
30.5,0.0821,-0.0789,0.2128,-0.2022
31,0.0835,-0.0802,0.2163,-0.2055
31.5,0.0849,-0.0814,0.2199,-0.2087
32,0.0862,-0.0827,0.2235,-0.2119
32.5,0.0876,-0.084,0.2271,-0.2152
33,0.089,-0.0852,0.2307,-0.2184
33.5,0.0904,-0.0865,0.2343,-0.2216
34,0.0918,-0.0877,0.2379,-0.2248
34.5,0.0931,-0.089,0.2415,-0.228
35,0.0945,-0.0903,0.2451,-0.2312
35.5,0.0959,-0.0915,0.2487,-0.2344
36,0.0973,-0.0928,0.2523,-0.2376
36.5,0.0987,-0.094,0.2559,-0.2408
37,0.1001,-0.0953,0.2595,-0.244
37.5,0.1015,-0.0966,0.2632,-0.2472
38,0.1028,-0.0978,0.2668,-0.2504
38.5,0.1042,-0.0991,0.2704,-0.2536
39,0.1056,-0.1003,0.2741,-0.2568
39.5,0.107,-0.1016,0.2777,-0.26
40,0.1084,-0.1028,0.2813,-0.2632
40.5,0.1098,-0.1041,0.285,-0.2664
41,0.1112,-0.1053,0.2886,-0.2696
41.5,0.1126,-0.1066,0.2923,-0.2727
42,0.114,-0.1078,0.2959,-0.2759
42.5,0.1154,-0.1091,0.2996,-0.2791
43,0.1168,-0.1103,0.3032,-0.2822
43.5,0.1182,-0.1116,0.3069,-0.2854
44,0.1196,-0.1128,0.3105,-0.2886
44.5,0.121,-0.1141,0.3142,-0.2917
45,0.1224,-0.1153,0.3179,-0.2949
45.5,0.1238,-0.1165,0.3215,-0.2981
46,0.1252,-0.1178,0.3252,-0.3012
46.5,0.1266,-0.119,0.3289,-0.3044
47,0.128,-0.1203,0.3326,-0.3075
47.5,0.1294,-0.1215,0.3363,-0.3107
48,0.1308,-0.1227,0.3399,-0.3138
48.5,0.1322,-0.124,0.3436,-0.3169
49,0.1336,-0.1252,0.3473,-0.3201
49.5,0.135,-0.1265,0.351,-0.3232
50,0.1365,-0.1277,0.3547,-0.3263
50.5,0.1379,-0.1289,0.3584,-0.3295
51,0.1393,-0.1302,0.3621,-0.3326
51.5,0.1407,-0.1314,0.3658,-0.3357
52,0.1421,-0.1326,0.3696,-0.3389
52.5,0.1435,-0.1339,0.3733,-0.342
53,0.1449,-0.1351,0.377,-0.3451
53.5,0.1464,-0.1363,0.3807,-0.3482
54,0.1478,-0.1375,0.3844,-0.3513
54.5,0.1492,-0.1388,0.3882,-0.3544
55,0.1506,-0.14,0.3919,-0.3575
55.5,0.152,-0.1412,0.3956,-0.3607
56,0.1535,-0.1425,0.3994,-0.3638
56.5,0.1549,-0.1437,0.4031,-0.3669
57,0.1563,-0.1449,0.4069,-0.37
57.5,0.1577,-0.1461,0.4106,-0.3731
58,0.1592,-0.1474,0.4144,-0.3762
58.5,0.1606,-0.1486,0.4181,-0.3792
59,0.162,-0.1498,0.4219,-0.3823
59.5,0.1635,-0.151,0.4256,-0.3854
60,0.1649,-0.1522,0.4294,-0.3885
60.5,0.1663,-0.1535,0.4332,-0.3916
61,0.1678,-0.1547,0.4369,-0.3947
61.5,0.1692,-0.1559,0.4407,-0.3977
62,0.1706,-0.1571,0.4445,-0.4008
62.5,0.1721,-0.1583,0.4483,-0.4039
63,0.1735,-0.1595,0.4521,-0.407
63.5,0.1749,-0.1608,0.4559,-0.41
64,0.1764,-0.162,0.4596,-0.4131
64.5,0.1778,-0.1632,0.4634,-0.4161
65,0.1793,-0.1644,0.4672,-0.4192
65.5,0.1807,-0.1656,0.471,-0.4223
66,0.1821,-0.1668,0.4749,-0.4253
66.5,0.1836,-0.168,0.4787,-0.4284
67,0.185,-0.1692,0.4825,-0.4314
67.5,0.1865,-0.1704,0.4863,-0.4345
68,0.1879,-0.1717,0.4901,-0.4375
68.5,0.1894,-0.1729,0.4939,-0.4406
69,0.1908,-0.1741,0.4978,-0.4436
69.5,0.1923,-0.1753,0.5016,-0.4466
70,0.1937,-0.1765,0.5054,-0.4497
70.5,0.1952,-0.1777,0.5093,-0.4527
71,0.1966,-0.1789,0.5131,-0.4557
71.5,0.1981,-0.1801,0.5169,-0.4588
72,0.1995,-0.1813,0.5208,-0.4618
72.5,0.201,-0.1825,0.5246,-0.4648
73,0.2024,-0.1837,0.5285,-0.4678
73.5,0.2039,-0.1849,0.5323,-0.4709
74,0.2054,-0.1861,0.5362,-0.4739
74.5,0.2068,-0.1873,0.5401,-0.4769
75,0.2083,-0.1885,0.5439,-0.4799
75.5,0.2097,-0.1897,0.5478,-0.4829
76,0.2112,-0.1909,0.5517,-0.4859
76.5,0.2127,-0.1921,0.5555,-0.4889
77,0.2141,-0.1933,0.5594,-0.4919
77.5,0.2156,-0.1945,0.5633,-0.4949
78,0.2171,-0.1956,0.5672,-0.4979
78.5,0.2185,-0.1968,0.5711,-0.5009
79,0.22,-0.198,0.575,-0.5039
79.5,0.2215,-0.1992,0.5789,-0.5069
80,0.223,-0.2004,0.5828,-0.5099
80.5,0.2244,-0.2016,0.5867,-0.5129
81,0.2259,-0.2028,0.5906,-0.5159
81.5,0.2274,-0.204,0.5945,-0.5188
82,0.2289,-0.2052,0.5984,-0.5218
82.5,0.2303,-0.2063,0.6023,-0.5248
83,0.2318,-0.2075,0.6063,-0.5278
83.5,0.2333,-0.2087,0.6102,-0.5307
84,0.2348,-0.2099,0.6141,-0.5337
84.5,0.2362,-0.2111,0.618,-0.5367
85,0.2377,-0.2123,0.622,-0.5396
85.5,0.2392,-0.2134,0.6259,-0.5426
86,0.2407,-0.2146,0.6299,-0.5456
86.5,0.2422,-0.2158,0.6338,-0.5485
87,0.2437,-0.217,0.6378,-0.5515
87.5,0.2452,-0.2182,0.6417,-0.5544
88,0.2466,-0.2193,0.6457,-0.5574
88.5,0.2481,-0.2205,0.6496,-0.5603
89,0.2496,-0.2217,0.6536,-0.5633
89.5,0.2511,-0.2229,0.6576,-0.5662
90,0.2526,-0.224,0.6615,-0.5692
90.5,0.2541,-0.2252,0.6655,-0.5721
91,0.2556,-0.2264,0.6695,-0.575
91.5,0.2571,-0.2276,0.6735,-0.578
92,0.2586,-0.2287,0.6775,-0.5809
92.5,0.2601,-0.2299,0.6815,-0.5838
93,0.2616,-0.2311,0.6854,-0.5868
93.5,0.2631,-0.2322,0.6894,-0.5897
94,0.2646,-0.2334,0.6934,-0.5926
94.5,0.2661,-0.2346,0.6974,-0.5955
95,0.2676,-0.2357,0.7015,-0.5985
95.5,0.2691,-0.2369,0.7055,-0.6014
96,0.2706,-0.2381,0.7095,-0.6043
96.5,0.2721,-0.2392,0.7135,-0.6072
97,0.2736,-0.2404,0.7175,-0.6101
97.5,0.2751,-0.2416,0.7215,-0.613
98,0.2766,-0.2427,0.7256,-0.6159
98.5,0.2781,-0.2439,0.7296,-0.6188
99,0.2797,-0.2451,0.7336,-0.6217
99.5,0.2812,-0.2462,0.7377,-0.6246
100,0.2827,-0.2474,0.7417,-0.6275
100.5,0.2842,-0.2485,0.7458,-0.6304
101,0.2857,-0.2497,0.7498,-0.6333
101.5,0.2872,-0.2508,0.7539,-0.6362
102,0.2887,-0.252,0.7579,-0.6391
102.5,0.2903,-0.2532,0.762,-0.642
103,0.2918,-0.2543,0.7661,-0.6449
103.5,0.2933,-0.2555,0.7701,-0.6477
104,0.2948,-0.2566,0.7742,-0.6506
104.5,0.2964,-0.2578,0.7783,-0.6535
105,0.2979,-0.2589,0.7824,-0.6564
105.5,0.2994,-0.2601,0.7865,-0.6592
106,0.3009,-0.2612,0.7906,-0.6621
106.5,0.3025,-0.2624,0.7946,-0.665
107,0.304,-0.2635,0.7987,-0.6678
107.5,0.3055,-0.2647,0.8028,-0.6707
108,0.3071,-0.2658,0.8069,-0.6736
108.5,0.3086,-0.267,0.8111,-0.6764
109,0.3101,-0.2681,0.8152,-0.6793
109.5,0.3117,-0.2693,0.8193,-0.6821
110,0.3132,-0.2704,0.8234,-0.685
110.5,0.3147,-0.2716,0.8275,-0.6878
111,0.3163,-0.2727,0.8316,-0.6907
111.5,0.3178,-0.2738,0.8358,-0.6935
112,0.3193,-0.275,0.8399,-0.6964
112.5,0.3209,-0.2761,0.844,-0.6992
113,0.3224,-0.2773,0.8482,-0.7021
113.5,0.324,-0.2784,0.8523,-0.7049
114,0.3255,-0.2796,0.8565,-0.7077
114.5,0.3271,-0.2807,0.8606,-0.7106
115,0.3286,-0.2818,0.8648,-0.7134
115.5,0.3302,-0.283,0.869,-0.7162
116,0.3317,-0.2841,0.8731,-0.7191
116.5,0.3333,-0.2852,0.8773,-0.7219
117,0.3348,-0.2864,0.8815,-0.7247
117.5,0.3364,-0.2875,0.8856,-0.7275
118,0.3379,-0.2886,0.8898,-0.7303
118.5,0.3395,-0.2898,0.894,-0.7332
119,0.341,-0.2909,0.8982,-0.736
119.5,0.3426,-0.292,0.9024,-0.7388
120,0.3441,-0.2932,0.9066,-0.7416
120.5,0.3457,-0.2943,0.9108,-0.7444
121,0.3473,-0.2954,0.915,-0.7472
121.5,0.3488,-0.2966,0.9192,-0.75
122,0.3504,-0.2977,0.9234,-0.7528
122.5,0.3519,-0.2988,0.9276,-0.7556
123,0.3535,-0.2999,0.9318,-0.7584
123.5,0.3551,-0.3011,0.936,-0.7612
124,0.3566,-0.3022,0.9403,-0.764
124.5,0.3582,-0.3033,0.9445,-0.7668
125,0.3598,-0.3044,0.9487,-0.7696
125.5,0.3614,-0.3056,0.953,-0.7723
126,0.3629,-0.3067,0.9572,-0.7751
126.5,0.3645,-0.3078,0.9615,-0.7779
127,0.3661,-0.3089,0.9657,-0.7807
127.5,0.3677,-0.3101,0.97,-0.7835
128,0.3692,-0.3112,0.9742,-0.7862
128.5,0.3708,-0.3123,0.9785,-0.789
129,0.3724,-0.3134,0.9828,-0.7918
129.5,0.374,-0.3145,0.987,-0.7946
130,0.3755,-0.3157,0.9913,-0.7973
130.5,0.3771,-0.3168,0.9956,-0.8001
131,0.3787,-0.3179,0.9999,-0.8029
131.5,0.3803,-0.319,1.0041,-0.8056
132,0.3819,-0.3201,1.0084,-0.8084
132.5,0.3835,-0.3212,1.0127,-0.8111
133,0.3851,-0.3223,1.017,-0.8139
133.5,0.3866,-0.3235,1.0213,-0.8166
134,0.3882,-0.3246,1.0256,-0.8194
134.5,0.3898,-0.3257,1.0299,-0.8221
135,0.3914,-0.3268,1.0343,-0.8249
135.5,0.393,-0.3279,1.0386,-0.8276
136,0.3946,-0.329,1.0429,-0.8304
136.5,0.3962,-0.3301,1.0472,-0.8331
137,0.3978,-0.3312,1.0516,-0.8358
137.5,0.3994,-0.3323,1.0559,-0.8386
138,0.401,-0.3334,1.0602,-0.8413
138.5,0.4026,-0.3345,1.0646,-0.844
139,0.4042,-0.3357,1.0689,-0.8468
139.5,0.4058,-0.3368,1.0733,-0.8495
140,0.4074,-0.3379,1.0776,-0.8522
140.5,0.409,-0.339,1.082,-0.855
141,0.4106,-0.3401,1.0863,-0.8577
141.5,0.4122,-0.3412,1.0907,-0.8604
142,0.4138,-0.3423,1.0951,-0.8631
142.5,0.4154,-0.3434,1.0995,-0.8658
143,0.4171,-0.3445,1.1038,-0.8685
143.5,0.4187,-0.3456,1.1082,-0.8713
144,0.4203,-0.3467,1.1126,-0.874
144.5,0.4219,-0.3478,1.117,-0.8767
145,0.4235,-0.3489,1.1214,-0.8794
145.5,0.4251,-0.35,1.1258,-0.8821
146,0.4268,-0.3511,1.1302,-0.8848
146.5,0.4284,-0.3521,1.1346,-0.8875
147,0.43,-0.3532,1.139,-0.8902
147.5,0.4316,-0.3543,1.1434,-0.8929
148,0.4332,-0.3554,1.1479,-0.8956
148.5,0.4349,-0.3565,1.1523,-0.8983
149,0.4365,-0.3576,1.1567,-0.901
149.5,0.4381,-0.3587,1.1612,-0.9036
150,0.4397,-0.3598,1.1656,-0.9063
150.5,0.4414,-0.3609,1.17,-0.909
151,0.443,-0.362,1.1745,-0.9117
151.5,0.4446,-0.3631,1.1789,-0.9144
152,0.4463,-0.3642,1.1834,-0.917
152.5,0.4479,-0.3652,1.1878,-0.9197
153,0.4495,-0.3663,1.1923,-0.9224
153.5,0.4512,-0.3674,1.1968,-0.9251
154,0.4528,-0.3685,1.2012,-0.9277
154.5,0.4545,-0.3696,1.2057,-0.9304
155,0.4561,-0.3707,1.2102,-0.9331
155.5,0.4577,-0.3717,1.2147,-0.9357
156,0.4594,-0.3728,1.2192,-0.9384
156.5,0.461,-0.3739,1.2237,-0.9411
157,0.4627,-0.375,1.2282,-0.9437
157.5,0.4643,-0.3761,1.2327,-0.9464
158,0.466,-0.3772,1.2372,-0.949
158.5,0.4676,-0.3782,1.2417,-0.9517
159,0.4693,-0.3793,1.2462,-0.9543
159.5,0.4709,-0.3804,1.2507,-0.957
160,0.4726,-0.3815,1.2552,-0.9596
160.5,0.4742,-0.3825,1.2598,-0.9623
161,0.4759,-0.3836,1.2643,-0.9649
161.5,0.4775,-0.3847,1.2688,-0.9675
162,0.4792,-0.3858,1.2734,-0.9702
162.5,0.4808,-0.3868,1.2779,-0.9728
163,0.4825,-0.3879,1.2825,-0.9755
163.5,0.4842,-0.389,1.287,-0.9781
164,0.4858,-0.3901,1.2916,-0.9807
164.5,0.4875,-0.3911,1.2962,-0.9833
165,0.4892,-0.3922,1.3007,-0.986
165.5,0.4908,-0.3933,1.3053,-0.9886
166,0.4925,-0.3943,1.3099,-0.9912
166.5,0.4942,-0.3954,1.3144,-0.9938
167,0.4958,-0.3965,1.319,-0.9965
167.5,0.4975,-0.3975,1.3236,-0.9991
168,0.4992,-0.3986,1.3282,-1.0017
168.5,0.5009,-0.3997,1.3328,-1.0043
169,0.5025,-0.4007,1.3374,-1.0069
169.5,0.5042,-0.4018,1.342,-1.0095
170,0.5059,-0.4029,1.3466,-1.0121
170.5,0.5076,-0.4039,1.3513,-1.0147
171,0.5092,-0.405,1.3559,-1.0173
171.5,0.5109,-0.4061,1.3605,-1.0199
172,0.5126,-0.4071,1.3651,-1.0225
172.5,0.5143,-0.4082,1.3698,-1.0251
173,0.516,-0.4093,1.3744,-1.0277
173.5,0.5177,-0.4103,1.379,-1.0303
174,0.5193,-0.4114,1.3837,-1.0329
174.5,0.521,-0.4124,1.3883,-1.0355
175,0.5227,-0.4135,1.393,-1.0381
175.5,0.5244,-0.4145,1.3977,-1.0407
176,0.5261,-0.4156,1.4023,-1.0433
176.5,0.5278,-0.4167,1.407,-1.0459
177,0.5295,-0.4177,1.4117,-1.0484
177.5,0.5312,-0.4188,1.4164,-1.051
178,0.5329,-0.4198,1.421,-1.0536
178.5,0.5346,-0.4209,1.4257,-1.0562
179,0.5363,-0.4219,1.4304,-1.0587
179.5,0.538,-0.423,1.4351,-1.0613
180,0.5397,-0.424,1.4398,-1.0639
180.5,0.5414,-0.4251,1.4445,-1.0664
181,0.5431,-0.4261,1.4492,-1.069
181.5,0.5448,-0.4272,1.454,-1.0716
182,0.5465,-0.4282,1.4587,-1.0741
182.5,0.5482,-0.4293,1.4634,-1.0767
183,0.5499,-0.4303,1.4681,-1.0793
183.5,0.5517,-0.4314,1.4729,-1.0818
184,0.5534,-0.4324,1.4776,-1.0844
184.5,0.5551,-0.4335,1.4823,-1.0869
185,0.5568,-0.4345,1.4871,-1.0895
185.5,0.5585,-0.4356,1.4918,-1.092
186,0.5602,-0.4366,1.4966,-1.0946
186.5,0.562,-0.4377,1.5014,-1.0971
187,0.5637,-0.4387,1.5061,-1.0997
187.5,0.5654,-0.4397,1.5109,-1.1022
188,0.5671,-0.4408,1.5157,-1.1047
188.5,0.5688,-0.4418,1.5205,-1.1073
189,0.5706,-0.4429,1.5253,-1.1098
189.5,0.5723,-0.4439,1.53,-1.1123
190,0.574,-0.4449,1.5348,-1.1149
190.5,0.5758,-0.446,1.5396,-1.1174
191,0.5775,-0.447,1.5444,-1.1199
191.5,0.5792,-0.4481,1.5493,-1.1225
192,0.581,-0.4491,1.5541,-1.125
192.5,0.5827,-0.4501,1.5589,-1.1275
193,0.5844,-0.4512,1.5637,-1.13
193.5,0.5862,-0.4522,1.5685,-1.1326
194,0.5879,-0.4532,1.5734,-1.1351
194.5,0.5897,-0.4543,1.5782,-1.1376
195,0.5914,-0.4553,1.5831,-1.1401
195.5,0.5931,-0.4563,1.5879,-1.1426
196,0.5949,-0.4574,1.5928,-1.1451
196.5,0.5966,-0.4584,1.5976,-1.1476
197,0.5984,-0.4594,1.6025,-1.1501
197.5,0.6001,-0.4605,1.6073,-1.1527
198,0.6019,-0.4615,1.6122,-1.1552
198.5,0.6036,-0.4625,1.6171,-1.1577
199,0.6054,-0.4635,1.622,-1.1602
199.5,0.6071,-0.4646,1.6269,-1.1627
200,0.6089,-0.4656,1.6318,-1.1651
200.5,0.6107,-0.4666,1.6367,-1.1676
201,0.6124,-0.4677,1.6416,-1.1701
201.5,0.6142,-0.4687,1.6465,-1.1726
202,0.6159,-0.4697,1.6514,-1.1751
202.5,0.6177,-0.4707,1.6563,-1.1776
203,0.6195,-0.4717,1.6612,-1.1801
203.5,0.6212,-0.4728,1.6661,-1.1826
204,0.623,-0.4738,1.6711,-1.1851
204.5,0.6248,-0.4748,1.676,-1.1875
205,0.6265,-0.4758,1.6809,-1.19
205.5,0.6283,-0.4769,1.6859,-1.1925
206,0.6301,-0.4779,1.6908,-1.195
206.5,0.6318,-0.4789,1.6958,-1.1974
207,0.6336,-0.4799,1.7008,-1.1999
207.5,0.6354,-0.4809,1.7057,-1.2024
208,0.6372,-0.482,1.7107,-1.2048
208.5,0.639,-0.483,1.7157,-1.2073
209,0.6407,-0.484,1.7206,-1.2098
209.5,0.6425,-0.485,1.7256,-1.2122
210,0.6443,-0.486,1.7306,-1.2147
210.5,0.6461,-0.487,1.7356,-1.2172
211,0.6479,-0.488,1.7406,-1.2196
211.5,0.6497,-0.4891,1.7456,-1.2221
212,0.6514,-0.4901,1.7506,-1.2245
212.5,0.6532,-0.4911,1.7557,-1.227
213,0.655,-0.4921,1.7607,-1.2294
213.5,0.6568,-0.4931,1.7657,-1.2319
214,0.6586,-0.4941,1.7707,-1.2343
214.5,0.6604,-0.4951,1.7758,-1.2368
215,0.6622,-0.4961,1.7808,-1.2392
215.5,0.664,-0.4971,1.7859,-1.2417
216,0.6658,-0.4982,1.7909,-1.2441
216.5,0.6676,-0.4992,1.796,-1.2465
217,0.6694,-0.5002,1.801,-1.249
217.5,0.6712,-0.5012,1.8061,-1.2514
218,0.673,-0.5022,1.8112,-1.2538
218.5,0.6748,-0.5032,1.8162,-1.2563
219,0.6766,-0.5042,1.8213,-1.2587
219.5,0.6784,-0.5052,1.8264,-1.2611
220,0.6803,-0.5062,1.8315,-1.2636
220.5,0.6821,-0.5072,1.8366,-1.266
221,0.6839,-0.5082,1.8417,-1.2684
221.5,0.6857,-0.5092,1.8468,-1.2708
222,0.6875,-0.5102,1.8519,-1.2732
222.5,0.6893,-0.5112,1.857,-1.2757
223,0.6911,-0.5122,1.8622,-1.2781
223.5,0.693,-0.5132,1.8673,-1.2805
224,0.6948,-0.5142,1.8724,-1.2829
224.5,0.6966,-0.5152,1.8776,-1.2853
225,0.6984,-0.5162,1.8827,-1.2877
225.5,0.7003,-0.5172,1.8879,-1.2901
226,0.7021,-0.5182,1.893,-1.2925
226.5,0.7039,-0.5192,1.8982,-1.2949
227,0.7058,-0.5202,1.9033,-1.2973
227.5,0.7076,-0.5212,1.9085,-1.2997
228,0.7094,-0.5222,1.9137,-1.3021
228.5,0.7113,-0.5232,1.9189,-1.3045
229,0.7131,-0.5242,1.9241,-1.3069
229.5,0.7149,-0.5252,1.9293,-1.3093
230,0.7168,-0.5261,1.9345,-1.3117
230.5,0.7186,-0.5271,1.9397,-1.3141
231,0.7205,-0.5281,1.9449,-1.3165
231.5,0.7223,-0.5291,1.9501,-1.3189
232,0.7241,-0.5301,1.9553,-1.3213
232.5,0.726,-0.5311,1.9605,-1.3237
233,0.7278,-0.5321,1.9658,-1.326
233.5,0.7297,-0.5331,1.971,-1.3284
234,0.7315,-0.5341,1.9762,-1.3308
234.5,0.7334,-0.535,1.9815,-1.3332
235,0.7353,-0.536,1.9867,-1.3356
235.5,0.7371,-0.537,1.992,-1.3379
236,0.739,-0.538,1.9972,-1.3403
236.5,0.7408,-0.539,2.0025,-1.3427
237,0.7427,-0.54,2.0078,-1.345
237.5,0.7445,-0.541,2.0131,-1.3474
238,0.7464,-0.5419,2.0183,-1.3498
238.5,0.7483,-0.5429,2.0236,-1.3521
239,0.7501,-0.5439,2.0289,-1.3545
239.5,0.752,-0.5449,2.0342,-1.3569
240,0.7539,-0.5459,2.0395,-1.3592
240.5,0.7557,-0.5468,2.0449,-1.3616
241,0.7576,-0.5478,2.0502,-1.3639
241.5,0.7595,-0.5488,2.0555,-1.3663
242,0.7614,-0.5498,2.0608,-1.3686
242.5,0.7632,-0.5508,2.0662,-1.371
243,0.7651,-0.5517,2.0715,-1.3733
243.5,0.767,-0.5527,2.0768,-1.3757
244,0.7689,-0.5537,2.0822,-1.378
244.5,0.7708,-0.5547,2.0875,-1.3804
245,0.7726,-0.5556,2.0929,-1.3827
245.5,0.7745,-0.5566,2.0983,-1.3851
246,0.7764,-0.5576,2.1036,-1.3874
246.5,0.7783,-0.5586,2.109,-1.3897
247,0.7802,-0.5595,2.1144,-1.3921
247.5,0.7821,-0.5605,2.1198,-1.3944
248,0.784,-0.5615,2.1252,-1.3967
248.5,0.7859,-0.5624,2.1306,-1.3991
249,0.7878,-0.5634,2.136,-1.4014
249.5,0.7897,-0.5644,2.1414,-1.4037
250,0.7916,-0.5654,2.1468,-1.4061
250.5,0.7935,-0.5663,2.1523,-1.4084
251,0.7954,-0.5673,2.1577,-1.4107
251.5,0.7973,-0.5683,2.1631,-1.413
252,0.7992,-0.5692,2.1686,-1.4154
252.5,0.8011,-0.5702,2.174,-1.4177
253,0.803,-0.5712,2.1795,-1.42
253.5,0.8049,-0.5721,2.1849,-1.4223
254,0.8068,-0.5731,2.1904,-1.4246
254.5,0.8087,-0.574,2.1958,-1.4269
255,0.8106,-0.575,2.2013,-1.4292
255.5,0.8126,-0.576,2.2068,-1.4315
256,0.8145,-0.5769,2.2123,-1.4339
256.5,0.8164,-0.5779,2.2178,-1.4362
257,0.8183,-0.5789,2.2233,-1.4385
257.5,0.8202,-0.5798,2.2288,-1.4408
258,0.8222,-0.5808,2.2343,-1.4431
258.5,0.8241,-0.5817,2.2398,-1.4454
259,0.826,-0.5827,2.2453,-1.4477
259.5,0.8279,-0.5837,2.2509,-1.45
260,0.8299,-0.5846,2.2564,-1.4523
260.5,0.8318,-0.5856,2.2619,-1.4545
261,0.8337,-0.5865,2.2675,-1.4568
261.5,0.8357,-0.5875,2.273,-1.4591
262,0.8376,-0.5884,2.2786,-1.4614
262.5,0.8395,-0.5894,2.2841,-1.4637
263,0.8415,-0.5904,2.2897,-1.466
263.5,0.8434,-0.5913,2.2953,-1.4683
264,0.8454,-0.5923,2.3009,-1.4706
264.5,0.8473,-0.5932,2.3065,-1.4728
265,0.8493,-0.5942,2.312,-1.4751
265.5,0.8512,-0.5951,2.3176,-1.4774
266,0.8532,-0.5961,2.3232,-1.4797
266.5,0.8551,-0.597,2.3289,-1.4819
267,0.8571,-0.598,2.3345,-1.4842
267.5,0.859,-0.5989,2.3401,-1.4865
268,0.861,-0.5999,2.3457,-1.4888
268.5,0.8629,-0.6008,2.3514,-1.491
269,0.8649,-0.6018,2.357,-1.4933
269.5,0.8668,-0.6027,2.3626,-1.4956
270,0.8688,-0.6037,2.3683,-1.4978
270.5,0.8708,-0.6046,2.3739,-1.5001
271,0.8727,-0.6056,2.3796,-1.5023
271.5,0.8747,-0.6065,2.3853,-1.5046
272,0.8767,-0.6075,2.391,-1.5069
272.5,0.8786,-0.6084,2.3966,-1.5091
273,0.8806,-0.6093,2.4023,-1.5114
273.5,0.8826,-0.6103,2.408,-1.5136
274,0.8845,-0.6112,2.4137,-1.5159
274.5,0.8865,-0.6122,2.4194,-1.5181
275,0.8885,-0.6131,2.4251,-1.5204
275.5,0.8905,-0.6141,2.4309,-1.5226
276,0.8925,-0.615,2.4366,-1.5249
276.5,0.8944,-0.6159,2.4423,-1.5271
277,0.8964,-0.6169,2.4481,-1.5293
277.5,0.8984,-0.6178,2.4538,-1.5316
278,0.9004,-0.6188,2.4596,-1.5338
278.5,0.9024,-0.6197,2.4653,-1.5361
279,0.9044,-0.6206,2.4711,-1.5383
279.5,0.9064,-0.6216,2.4768,-1.5405
280,0.9084,-0.6225,2.4826,-1.5428
280.5,0.9104,-0.6234,2.4884,-1.545
281,0.9124,-0.6244,2.4942,-1.5472
281.5,0.9144,-0.6253,2.5,-1.5495
282,0.9164,-0.6263,2.5058,-1.5517
282.5,0.9184,-0.6272,2.5116,-1.5539
283,0.9204,-0.6281,2.5174,-1.5561
283.5,0.9224,-0.6291,2.5232,-1.5584
284,0.9244,-0.63,2.529,-1.5606
284.5,0.9264,-0.6309,2.5349,-1.5628
285,0.9284,-0.6318,2.5407,-1.565
285.5,0.9304,-0.6328,2.5466,-1.5672
286,0.9324,-0.6337,2.5524,-1.5694
286.5,0.9344,-0.6346,2.5583,-1.5717
287,0.9364,-0.6356,2.5641,-1.5739
287.5,0.9385,-0.6365,2.57,-1.5761
288,0.9405,-0.6374,2.5759,-1.5783
288.5,0.9425,-0.6384,2.5817,-1.5805
289,0.9445,-0.6393,2.5876,-1.5827
289.5,0.9465,-0.6402,2.5935,-1.5849
290,0.9486,-0.6411,2.5994,-1.5871
290.5,0.9506,-0.6421,2.6053,-1.5893
291,0.9526,-0.643,2.6113,-1.5915
291.5,0.9547,-0.6439,2.6172,-1.5937
292,0.9567,-0.6448,2.6231,-1.5959
292.5,0.9587,-0.6458,2.629,-1.5981
293,0.9608,-0.6467,2.635,-1.6003
293.5,0.9628,-0.6476,2.6409,-1.6025
294,0.9648,-0.6485,2.6469,-1.6047
294.5,0.9669,-0.6494,2.6528,-1.6069
295,0.9689,-0.6504,2.6588,-1.609
295.5,0.971,-0.6513,2.6648,-1.6112
296,0.973,-0.6522,2.6708,-1.6134
296.5,0.9751,-0.6531,2.6767,-1.6156
297,0.9771,-0.6541,2.6827,-1.6178
297.5,0.9792,-0.655,2.6887,-1.62
298,0.9812,-0.6559,2.6947,-1.6221
298.5,0.9833,-0.6568,2.7008,-1.6243
299,0.9853,-0.6577,2.7068,-1.6265
299.5,0.9874,-0.6586,2.7128,-1.6287
300,0.9895,-0.6596,2.7188,-1.6308
300.5,0.9915,-0.6605,2.7249,-1.633
301,0.9936,-0.6614,2.7309,-1.6352
301.5,0.9957,-0.6623,2.737,-1.6374
302,0.9977,-0.6632,2.743,-1.6395
302.5,0.9998,-0.6641,2.7491,-1.6417
303,1.0019,-0.665,2.7552,-1.6439
303.5,1.0039,-0.666,2.7612,-1.646
304,1.006,-0.6669,2.7673,-1.6482
304.5,1.0081,-0.6678,2.7734,-1.6503
305,1.0102,-0.6687,2.7795,-1.6525
305.5,1.0122,-0.6696,2.7856,-1.6547
306,1.0143,-0.6705,2.7917,-1.6568
306.5,1.0164,-0.6714,2.7979,-1.659
307,1.0185,-0.6723,2.804,-1.6611
307.5,1.0206,-0.6732,2.8101,-1.6633
308,1.0227,-0.6741,2.8163,-1.6654
308.5,1.0248,-0.6751,2.8224,-1.6676
309,1.0268,-0.676,2.8286,-1.6697
309.5,1.0289,-0.6769,2.8347,-1.6719
310,1.031,-0.6778,2.8409,-1.674
310.5,1.0331,-0.6787,2.8471,-1.6762
311,1.0352,-0.6796,2.8532,-1.6783
311.5,1.0373,-0.6805,2.8594,-1.6804
312,1.0394,-0.6814,2.8656,-1.6826
312.5,1.0415,-0.6823,2.8718,-1.6847
313,1.0436,-0.6832,2.878,-1.6868
313.5,1.0458,-0.6841,2.8843,-1.689
314,1.0479,-0.685,2.8905,-1.6911
314.5,1.05,-0.6859,2.8967,-1.6932
315,1.0521,-0.6868,2.903,-1.6954
315.5,1.0542,-0.6877,2.9092,-1.6975
316,1.0563,-0.6886,2.9154,-1.6996
316.5,1.0584,-0.6895,2.9217,-1.7018
317,1.0606,-0.6904,2.928,-1.7039
317.5,1.0627,-0.6913,2.9342,-1.706
318,1.0648,-0.6922,2.9405,-1.7081
318.5,1.0669,-0.6931,2.9468,-1.7103
319,1.0691,-0.694,2.9531,-1.7124
319.5,1.0712,-0.6949,2.9594,-1.7145
320,1.0733,-0.6958,2.9657,-1.7166
320.5,1.0754,-0.6967,2.972,-1.7187
321,1.0776,-0.6976,2.9783,-1.7208
321.5,1.0797,-0.6985,2.9847,-1.7229
322,1.0819,-0.6994,2.991,-1.7251
322.5,1.084,-0.7003,2.9974,-1.7272
323,1.0861,-0.7012,3.0037,-1.7293
323.5,1.0883,-0.702,3.0101,-1.7314
324,1.0904,-0.7029,3.0164,-1.7335
324.5,1.0926,-0.7038,3.0228,-1.7356
325,1.0947,-0.7047,3.0292,-1.7377
325.5,1.0969,-0.7056,3.0356,-1.7398
326,1.099,-0.7065,3.042,-1.7419
326.5,1.1012,-0.7074,3.0484,-1.744
327,1.1033,-0.7083,3.0548,-1.7461
327.5,1.1055,-0.7092,3.0612,-1.7482
328,1.1077,-0.7101,3.0676,-1.7503
328.5,1.1098,-0.7109,3.074,-1.7524
329,1.112,-0.7118,3.0805,-1.7545
329.5,1.1141,-0.7127,3.0869,-1.7565
330,1.1163,-0.7136,3.0934,-1.7586
330.5,1.1185,-0.7145,3.0998,-1.7607
331,1.1207,-0.7154,3.1063,-1.7628
331.5,1.1228,-0.7163,3.1128,-1.7649
332,1.125,-0.7171,3.1193,-1.767
332.5,1.1272,-0.718,3.1257,-1.7691
333,1.1294,-0.7189,3.1322,-1.7711
333.5,1.1315,-0.7198,3.1387,-1.7732
334,1.1337,-0.7207,3.1453,-1.7753
334.5,1.1359,-0.7216,3.1518,-1.7774
335,1.1381,-0.7224,3.1583,-1.7794
335.5,1.1403,-0.7233,3.1648,-1.7815
336,1.1425,-0.7242,3.1714,-1.7836
336.5,1.1447,-0.7251,3.1779,-1.7857
337,1.1468,-0.726,3.1845,-1.7877
337.5,1.149,-0.7268,3.191,-1.7898
338,1.1512,-0.7277,3.1976,-1.7919
338.5,1.1534,-0.7286,3.2042,-1.7939
339,1.1556,-0.7295,3.2108,-1.796
339.5,1.1578,-0.7304,3.2174,-1.7981
340,1.16,-0.7312,3.224,-1.8001
340.5,1.1623,-0.7321,3.2306,-1.8022
341,1.1645,-0.733,3.2372,-1.8042
341.5,1.1667,-0.7339,3.2438,-1.8063
342,1.1689,-0.7347,3.2505,-1.8084
342.5,1.1711,-0.7356,3.2571,-1.8104
343,1.1733,-0.7365,3.2637,-1.8125
343.5,1.1755,-0.7374,3.2704,-1.8145
344,1.1778,-0.7382,3.2771,-1.8166
344.5,1.18,-0.7391,3.2837,-1.8186
345,1.1822,-0.74,3.2904,-1.8207
345.5,1.1844,-0.7408,3.2971,-1.8227
346,1.1867,-0.7417,3.3038,-1.8248
346.5,1.1889,-0.7426,3.3105,-1.8268
347,1.1911,-0.7435,3.3172,-1.8288
347.5,1.1934,-0.7443,3.3239,-1.8309
348,1.1956,-0.7452,3.3306,-1.8329
348.5,1.1978,-0.7461,3.3374,-1.835
349,1.2001,-0.7469,3.3441,-1.837
349.5,1.2023,-0.7478,3.3509,-1.839
350,1.2045,-0.7487,3.3576,-1.8411
350.5,1.2068,-0.7495,3.3644,-1.8431
351,1.209,-0.7504,3.3712,-1.8451
351.5,1.2113,-0.7513,3.3779,-1.8472
352,1.2135,-0.7521,3.3847,-1.8492
352.5,1.2158,-0.753,3.3915,-1.8512
353,1.2181,-0.7539,3.3983,-1.8533
353.5,1.2203,-0.7547,3.4051,-1.8553
354,1.2226,-0.7556,3.412,-1.8573
354.5,1.2248,-0.7564,3.4188,-1.8593
355,1.2271,-0.7573,3.4256,-1.8613
355.5,1.2294,-0.7582,3.4325,-1.8634
356,1.2316,-0.759,3.4393,-1.8654
356.5,1.2339,-0.7599,3.4462,-1.8674
357,1.2362,-0.7608,3.453,-1.8694
357.5,1.2384,-0.7616,3.4599,-1.8714
358,1.2407,-0.7625,3.4668,-1.8734
358.5,1.243,-0.7633,3.4737,-1.8755
359,1.2453,-0.7642,3.4806,-1.8775
359.5,1.2475,-0.765,3.4875,-1.8795
360,1.2498,-0.7659,3.4944,-1.8815
360.5,1.2521,-0.7668,3.5013,-1.8835
361,1.2544,-0.7676,3.5083,-1.8855
361.5,1.2567,-0.7685,3.5152,-1.8875
362,1.259,-0.7693,3.5222,-1.8895
362.5,1.2613,-0.7702,3.5291,-1.8915
363,1.2636,-0.771,3.5361,-1.8935
363.5,1.2659,-0.7719,3.5431,-1.8955
364,1.2682,-0.7728,3.55,-1.8975
364.5,1.2705,-0.7736,3.557,-1.8995
365,1.2728,-0.7745,3.564,-1.9015
365.5,1.2751,-0.7753,3.571,-1.9035
366,1.2774,-0.7762,3.5781,-1.9055
366.5,1.2797,-0.777,3.5851,-1.9075
367,1.282,-0.7779,3.5921,-1.9095
367.5,1.2843,-0.7787,3.5992,-1.9115
368,1.2866,-0.7796,3.6062,-1.9135
368.5,1.2889,-0.7804,3.6133,-1.9154
369,1.2913,-0.7813,3.6203,-1.9174
369.5,1.2936,-0.7821,3.6274,-1.9194
370,1.2959,-0.783,3.6345,-1.9214
370.5,1.2982,-0.7838,3.6416,-1.9234
371,1.3006,-0.7847,3.6487,-1.9254
371.5,1.3029,-0.7855,3.6558,-1.9273
372,1.3052,-0.7864,3.6629,-1.9293
372.5,1.3076,-0.7872,3.67,-1.9313
373,1.3099,-0.7881,3.6772,-1.9333
373.5,1.3122,-0.7889,3.6843,-1.9352
374,1.3146,-0.7897,3.6914,-1.9372
374.5,1.3169,-0.7906,3.6986,-1.9392
375,1.3193,-0.7914,3.7058,-1.9412
375.5,1.3216,-0.7923,3.713,-1.9431
376,1.3239,-0.7931,3.7201,-1.9451
376.5,1.3263,-0.794,3.7273,-1.9471
377,1.3287,-0.7948,3.7345,-1.949
377.5,1.331,-0.7956,3.7417,-1.951
378,1.3334,-0.7965,3.749,-1.953
378.5,1.3357,-0.7973,3.7562,-1.9549
379,1.3381,-0.7982,3.7634,-1.9569
379.5,1.3404,-0.799,3.7707,-1.9588
380,1.3428,-0.7998,3.7779,-1.9608
380.5,1.3452,-0.8007,3.7852,-1.9627
381,1.3475,-0.8015,3.7925,-1.9647
381.5,1.3499,-0.8024,3.7997,-1.9667
382,1.3523,-0.8032,3.807,-1.9686
382.5,1.3547,-0.804,3.8143,-1.9706
383,1.357,-0.8049,3.8216,-1.9725
383.5,1.3594,-0.8057,3.8289,-1.9745
384,1.3618,-0.8065,3.8363,-1.9764
384.5,1.3642,-0.8074,3.8436,-1.9784
385,1.3666,-0.8082,3.8509,-1.9803
385.5,1.369,-0.8091,3.8583,-1.9822
386,1.3714,-0.8099,3.8657,-1.9842
386.5,1.3737,-0.8107,3.873,-1.9861
387,1.3761,-0.8116,3.8804,-1.9881
387.5,1.3785,-0.8124,3.8878,-1.99
388,1.3809,-0.8132,3.8952,-1.9919
388.5,1.3833,-0.8141,3.9026,-1.9939
389,1.3857,-0.8149,3.91,-1.9958
389.5,1.3881,-0.8157,3.9174,-1.9978
390,1.3906,-0.8165,3.9249,-1.9997
390.5,1.393,-0.8174,3.9323,-2.0016
391,1.3954,-0.8182,3.9398,-2.0035
391.5,1.3978,-0.819,3.9472,-2.0055
392,1.4002,-0.8199,3.9547,-2.0074
392.5,1.4026,-0.8207,3.9622,-2.0093
393,1.405,-0.8215,3.9696,-2.0113
393.5,1.4075,-0.8224,3.9771,-2.0132
394,1.4099,-0.8232,3.9846,-2.0151
394.5,1.4123,-0.824,3.9922,-2.017
395,1.4148,-0.8248,3.9997,-2.019
395.5,1.4172,-0.8257,4.0072,-2.0209
396,1.4196,-0.8265,4.0148,-2.0228
396.5,1.4221,-0.8273,4.0223,-2.0247
397,1.4245,-0.8281,4.0299,-2.0266
397.5,1.4269,-0.829,4.0374,-2.0285
398,1.4294,-0.8298,4.045,-2.0305
398.5,1.4318,-0.8306,4.0526,-2.0324
399,1.4343,-0.8314,4.0602,-2.0343
399.5,1.4367,-0.8323,4.0678,-2.0362
400,1.4392,-0.8331,4.0754,-2.0381
400.5,1.4416,-0.8339,4.0831,-2.04
401,1.4441,-0.8347,4.0907,-2.04191
401.5,1.4465,-0.8355,4.0983,-2.04382
402,1.449,-0.8364,4.106,-2.04572
402.5,1.4515,-0.8372,4.1137,-2.04762
403,1.4539,-0.838,4.1213,-2.04952
403.5,1.4564,-0.8388,4.129,-2.05142
404,1.4589,-0.8396,4.1367,-2.05332
404.5,1.4613,-0.8405,4.1444,-2.05522
405,1.4638,-0.8413,4.1521,-2.05712
405.5,1.4663,-0.8421,4.1598,-2.05902
406,1.4688,-0.8429,4.1676,-2.06091
406.5,1.4712,-0.8437,4.1753,-2.0628
407,1.4737,-0.8445,4.1831,-2.0647
407.5,1.4762,-0.8454,4.1908,-2.06659
408,1.4787,-0.8462,4.1986,-2.06848
408.5,1.4812,-0.847,4.2064,-2.07037
409,1.4837,-0.8478,4.2142,-2.07225
409.5,1.4862,-0.8486,4.222,-2.07414
410,1.4887,-0.8494,4.2298,-2.07602
410.5,1.4912,-0.8502,4.2376,-2.07791
411,1.4937,-0.851,4.2454,-2.07979
411.5,1.4962,-0.8519,4.2532,-2.08167
412,1.4987,-0.8527,4.2611,-2.08355
412.5,1.5012,-0.8535,4.2689,-2.08543
413,1.5037,-0.8543,4.2768,-2.08731
413.5,1.5062,-0.8551,4.2847,-2.08919
414,1.5087,-0.8559,4.2926,-2.09106
414.5,1.5112,-0.8567,4.3005,-2.09294
415,1.5138,-0.8575,4.3084,-2.09481
415.5,1.5163,-0.8583,4.3163,-2.09668
416,1.5188,-0.8592,4.3242,-2.09856
416.5,1.5213,-0.86,4.3322,-2.10043
417,1.5239,-0.8608,4.3401,-2.10229
417.5,1.5264,-0.8616,4.3481,-2.10416
418,1.5289,-0.8624,4.356,-2.10603
418.5,1.5315,-0.8632,4.364,-2.10789
419,1.534,-0.864,4.372,-2.10976
419.5,1.5365,-0.8648,4.38,-2.11162
420,1.5391,-0.8656,4.388,-2.11348
420.5,1.5416,-0.8664,4.396,-2.11534
421,1.5442,-0.8672,4.404,-2.1172
421.5,1.5467,-0.868,4.4121,-2.11906
422,1.5493,-0.8688,4.4201,-2.12092
422.5,1.5518,-0.8696,4.4282,-2.12278
423,1.5544,-0.8704,4.4362,-2.12463
423.5,1.557,-0.8712,4.4443,-2.12648
424,1.5595,-0.872,4.4524,-2.12834
424.5,1.5621,-0.8728,4.4605,-2.13019
425,1.5646,-0.8736,4.4686,-2.13204
425.5,1.5672,-0.8744,4.4767,-2.13389
426,1.5698,-0.8752,4.4849,-2.13574
426.5,1.5724,-0.876,4.493,-2.13758
427,1.5749,-0.8768,4.5012,-2.13943
427.5,1.5775,-0.8776,4.5093,-2.14127
428,1.5801,-0.8784,4.5175,-2.14312
428.5,1.5827,-0.8792,4.5257,-2.14496
429,1.5853,-0.88,4.5339,-2.1468
429.5,1.5879,-0.8808,4.5421,-2.14864
430,1.5904,-0.8816,4.5503,-2.15048
430.5,1.593,-0.8824,4.5585,-2.15232
431,1.5956,-0.8832,4.5667,-2.15416
431.5,1.5982,-0.884,4.575,-2.15599
432,1.6008,-0.8848,4.5832,-2.15783
432.5,1.6034,-0.8856,4.5915,-2.15966
433,1.606,-0.8864,4.5998,-2.16149
433.5,1.6086,-0.8872,4.6081,-2.16332
434,1.6113,-0.888,4.6164,-2.16515
434.5,1.6139,-0.8888,4.6247,-2.16698
435,1.6165,-0.8896,4.633,-2.16881
435.5,1.6191,-0.8904,4.6413,-2.17064
436,1.6217,-0.8911,4.6497,-2.17246
436.5,1.6243,-0.8919,4.658,-2.17429
437,1.627,-0.8927,4.6664,-2.17611
437.5,1.6296,-0.8935,4.6747,-2.17793
438,1.6322,-0.8943,4.6831,-2.17975
438.5,1.6349,-0.8951,4.6915,-2.18157
439,1.6375,-0.8959,4.6999,-2.18339
439.5,1.6401,-0.8967,4.7083,-2.18521
440,1.6428,-0.8975,4.7168,-2.18702
440.5,1.6454,-0.8983,4.7252,-2.18884
441,1.6481,-0.899,4.7336,-2.19065
441.5,1.6507,-0.8998,4.7421,-2.19247
442,1.6534,-0.9006,4.7506,-2.19428
442.5,1.656,-0.9014,4.7591,-2.19609
443,1.6587,-0.9022,4.7676,-2.1979
443.5,1.6613,-0.903,4.7761,-2.19971
444,1.664,-0.9038,4.7846,-2.20152
444.5,1.6666,-0.9045,4.7931,-2.20332
445,1.6693,-0.9053,4.8016,-2.20513
445.5,1.672,-0.9061,4.8102,-2.20693
446,1.6746,-0.9069,4.8187,-2.20874
446.5,1.6773,-0.9077,4.8273,-2.21054
447,1.68,-0.9085,4.8359,-2.21234
447.5,1.6827,-0.9092,4.8445,-2.21414
448,1.6853,-0.91,4.8531,-2.21594
448.5,1.688,-0.9108,4.8617,-2.21774
449,1.6907,-0.9116,4.8703,-2.21953
449.5,1.6934,-0.9124,4.879,-2.22133
450,1.6961,-0.9131,4.8876,-2.22312
450.5,1.6988,-0.9139,4.8963,-2.22492
451,1.7015,-0.9147,4.9049,-2.22671
451.5,1.7042,-0.9155,4.9136,-2.2285
452,1.7069,-0.9163,4.9223,-2.23029
452.5,1.7096,-0.917,4.931,-2.23208
453,1.7123,-0.9178,4.9397,-2.23387
453.5,1.715,-0.9186,4.9485,-2.23565
454,1.7177,-0.9194,4.9572,-2.23744
454.5,1.7204,-0.9202,4.966,-2.23922
455,1.7231,-0.9209,4.9747,-2.24101
455.5,1.7259,-0.9217,4.9835,-2.24279
456,1.7286,-0.9225,4.9923,-2.24457
456.5,1.7313,-0.9233,5.0011,-2.24635
457,1.734,-0.924,5.0099,-2.24813
457.5,1.7368,-0.9248,5.0187,-2.24991
458,1.7395,-0.9256,5.0276,-2.25169
458.5,1.7422,-0.9264,5.0364,-2.25346
459,1.745,-0.9271,5.0453,-2.25524
459.5,1.7477,-0.9279,5.0541,-2.25701
460,1.7504,-0.9287,5.063,-2.25878
460.5,1.7532,-0.9294,5.0719,-2.26056
461,1.7559,-0.9302,5.0808,-2.26233
461.5,1.7587,-0.931,5.0897,-2.2641
462,1.7614,-0.9318,5.0986,-2.26586
462.5,1.7642,-0.9325,5.1076,-2.26763
463,1.7669,-0.9333,5.1165,-2.2694
463.5,1.7697,-0.9341,5.1255,-2.27116
464,1.7725,-0.9348,5.1345,-2.27293
464.5,1.7752,-0.9356,5.1435,-2.27469
465,1.778,-0.9364,5.1525,-2.27645
465.5,1.7808,-0.9371,5.1615,-2.27821
466,1.7835,-0.9379,5.1705,-2.27997
466.5,1.7863,-0.9387,5.1795,-2.28173
467,1.7891,-0.9394,5.1886,-2.28349
467.5,1.7919,-0.9402,5.1976,-2.28525
468,1.7947,-0.941,5.2067,-2.287
468.5,1.7975,-0.9417,5.2158,-2.28876
469,1.8002,-0.9425,5.2249,-2.29051
469.5,1.803,-0.9433,5.234,-2.29226
470,1.8058,-0.944,5.2431,-2.29402
470.5,1.8086,-0.9448,5.2522,-2.29577
471,1.8114,-0.9456,5.2614,-2.29752
471.5,1.8142,-0.9463,5.2706,-2.29926
472,1.817,-0.9471,5.2797,-2.30101
472.5,1.8198,-0.9479,5.2889,-2.30276
473,1.8227,-0.9486,5.2981,-2.3045
473.5,1.8255,-0.9494,5.3073,-2.30625
474,1.8283,-0.9501,5.3165,-2.30799
474.5,1.8311,-0.9509,5.3258,-2.30973
475,1.8339,-0.9517,5.335,-2.31147
475.5,1.8368,-0.9524,5.3443,-2.31321
476,1.8396,-0.9532,5.3535,-2.31495
476.5,1.8424,-0.9539,5.3628,-2.31669
477,1.8453,-0.9547,5.3721,-2.31843
477.5,1.8481,-0.9555,5.3814,-2.32016
478,1.8509,-0.9562,5.3907,-2.3219
478.5,1.8538,-0.957,5.4001,-2.32363
479,1.8566,-0.9577,5.4094,-2.32536
479.5,1.8595,-0.9585,5.4188,-2.3271
480,1.8623,-0.9593,5.4281,-2.32883
480.5,1.8652,-0.96,5.4375,-2.33056
481,1.868,-0.9608,5.4469,-2.33228
481.5,1.8709,-0.9615,5.4563,-2.33401
482,1.8737,-0.9623,5.4657,-2.33574
482.5,1.8766,-0.963,5.4752,-2.33746
483,1.8795,-0.9638,5.4846,-2.33919
483.5,1.8823,-0.9645,5.4941,-2.34091
484,1.8852,-0.9653,5.5036,-2.34263
484.5,1.8881,-0.966,5.513,-2.34436
485,1.891,-0.9668,5.5225,-2.34608
485.5,1.8938,-0.9676,5.5321,-2.3478
486,1.8967,-0.9683,5.5416,-2.34951
486.5,1.8996,-0.9691,5.5511,-2.35123
487,1.9025,-0.9698,5.5607,-2.35295
487.5,1.9054,-0.9706,5.5702,-2.35466
488,1.9083,-0.9713,5.5798,-2.35638
488.5,1.9112,-0.9721,5.5894,-2.35809
489,1.9141,-0.9728,5.599,-2.3598
489.5,1.917,-0.9736,5.6086,-2.36151
490,1.9199,-0.9743,5.6183,-2.36322
490.5,1.9228,-0.9751,5.6279,-2.36493
491,1.9257,-0.9758,5.6376,-2.36664
491.5,1.9286,-0.9766,5.6472,-2.36835
492,1.9316,-0.9773,5.6569,-2.37005
492.5,1.9345,-0.9781,5.6666,-2.37176
493,1.9374,-0.9788,5.6763,-2.37346
493.5,1.9403,-0.9795,5.686,-2.37516
494,1.9433,-0.9803,5.6958,-2.37687
494.5,1.9462,-0.981,5.7055,-2.37857
495,1.9491,-0.9818,5.7153,-2.38027
495.5,1.9521,-0.9825,5.7251,-2.38197
496,1.955,-0.9833,5.7349,-2.38366
496.5,1.958,-0.984,5.7447,-2.38536
497,1.9609,-0.9848,5.7545,-2.38706
497.5,1.9639,-0.9855,5.7643,-2.38875
498,1.9668,-0.9862,5.7742,-2.39045
498.5,1.9698,-0.987,5.784,-2.39214
499,1.9727,-0.9877,5.7939,-2.39383
499.5,1.9757,-0.9885,5.8038,-2.39552
500,1.9787,-0.9892,5.8137,-2.39721
500.5,1.9816,-0.99,5.8236,-2.3989
